/*
 Navicat Premium Data Transfer

 Source Server         : localhost_3306
 Source Server Type    : MySQL
 Source Server Version : 50740
 Source Host           : localhost:3306
 Source Schema         : __PREFIX__free

 Target Server Type    : MySQL
 Target Server Version : 50740
 File Encoding         : 65001

 Date: 31/10/2023 15:05:08
*/

SET NAMES utf8mb4;
SET FOREIGN_KEY_CHECKS = 0;

-- ----------------------------
-- Table structure for __PREFIX__admin
-- ----------------------------
DROP TABLE IF EXISTS `__PREFIX__admin`;
CREATE TABLE `__PREFIX__admin` (
  `id` int(11) NOT NULL AUTO_INCREMENT,
  `role_id` int(11) NOT NULL DEFAULT '0' COMMENT '角色组',
  `username` varchar(60) NOT NULL DEFAULT '' COMMENT '用户名',
  `nickname` varchar(60) NOT NULL DEFAULT '' COMMENT '昵称',
  `mobile` varchar(20) DEFAULT NULL COMMENT '手机号',
  `password` varchar(60) NOT NULL DEFAULT '' COMMENT '密码',
  `salt` varchar(30) NOT NULL DEFAULT '' COMMENT '密码盐',
  `avatar` varchar(255) NOT NULL DEFAULT '' COMMENT '头像',
  `email` varchar(60) DEFAULT NULL COMMENT '邮箱',
  `login_fail` tinyint(3) unsigned NOT NULL DEFAULT '0' COMMENT '登录失败次数',
  `login_time` int(11) DEFAULT NULL COMMENT '登录时间',
  `login_ip` varchar(20) DEFAULT NULL COMMENT '登录 ip',
  `is_super` enum('1','0') NOT NULL DEFAULT '0',
  `status` enum('normal','disabled') NOT NULL DEFAULT 'normal' COMMENT '状态',
  `create_time` int(11) DEFAULT NULL COMMENT '创建时间',
  `update_time` int(11) DEFAULT NULL COMMENT '更新时间',
  PRIMARY KEY (`id`),
  UNIQUE KEY `account` (`username`),
  UNIQUE KEY `mobile` (`mobile`),
  UNIQUE KEY `email` (`email`)
) ENGINE=InnoDB AUTO_INCREMENT=48 DEFAULT CHARSET=utf8mb4 COMMENT='管理员';

-- ----------------------------
-- Records of __PREFIX__admin
-- ----------------------------
BEGIN;
INSERT INTO `__PREFIX__admin` VALUES (40, 13, 'admin', '管理员', '188', '46b56c1f768a418f27d94d9be9eaa268', '9239', '/static/images/avatar.png', '188', 0, 1698735819, '113.110.129.21', '1', 'normal', 1679577714, 1698735819);
INSERT INTO `__PREFIX__admin` VALUES (47, 14, 'test', '测试', '111', '47d95396a5cc1d986778ad5f05912987', '8344', '/static/images/avatar.png', '111', 0, 1692439209, '127.0.0.1', '0', 'normal', 1679810950, 1692526414);
COMMIT;

-- ----------------------------
-- Table structure for __PREFIX__admin_role
-- ----------------------------
DROP TABLE IF EXISTS `__PREFIX__admin_role`;
CREATE TABLE `__PREFIX__admin_role` (
  `id` int(11) NOT NULL AUTO_INCREMENT,
  `parent_id` int(11) NOT NULL DEFAULT '0' COMMENT '上级ID',
  `name` varchar(60) NOT NULL DEFAULT '' COMMENT '角色名称',
  `code` varchar(60) NOT NULL DEFAULT '' COMMENT '标识',
  `description` varchar(255) DEFAULT NULL COMMENT '描述',
  `rules` varchar(2500) NOT NULL DEFAULT '' COMMENT '权限规则',
  `status` enum('normal','disabled') NOT NULL DEFAULT 'normal' COMMENT '状态',
  `create_time` int(11) DEFAULT NULL COMMENT '创建时间',
  `update_time` int(11) DEFAULT NULL COMMENT '更新时间',
  PRIMARY KEY (`id`),
  UNIQUE KEY `code` (`code`)
) ENGINE=InnoDB AUTO_INCREMENT=15 DEFAULT CHARSET=utf8mb4 COMMENT='角色';

-- ----------------------------
-- Records of __PREFIX__admin_role
-- ----------------------------
BEGIN;
INSERT INTO `__PREFIX__admin_role` VALUES (13, 0, '管理员', '7', 'admin', '3,authority,1,2,234,stroage,test,223,233', 'normal', 1679799120, 1692439184);
INSERT INTO `__PREFIX__admin_role` VALUES (14, 0, '测试', '78', 'test', 'test,223,233', 'normal', 1679799126, 1692439078);
COMMIT;

-- ----------------------------
-- Table structure for __PREFIX__config
-- ----------------------------
DROP TABLE IF EXISTS `__PREFIX__config`;
CREATE TABLE `__PREFIX__config` (
  `id` int(11) NOT NULL AUTO_INCREMENT,
  `type` varchar(100) NOT NULL DEFAULT '' COMMENT '应用标识',
  `name` varchar(255) NOT NULL DEFAULT '' COMMENT '配置名称',
  `key` varchar(255) NOT NULL DEFAULT '' COMMENT '标识',
  `value` varchar(255) DEFAULT NULL COMMENT '值',
  `status` enum('normal','disabled') NOT NULL DEFAULT 'normal' COMMENT '状态',
  `create_time` int(11) DEFAULT NULL COMMENT '创建时间',
  `update_time` int(11) DEFAULT NULL COMMENT '更新时间',
  PRIMARY KEY (`id`)
) ENGINE=InnoDB AUTO_INCREMENT=53 DEFAULT CHARSET=utf8mb4 COMMENT='配置';

-- ----------------------------
-- Records of __PREFIX__config
-- ----------------------------
BEGIN;
INSERT INTO `__PREFIX__config` VALUES (31, 'storage', '', 'default', 'local', 'normal', 1689958225, 1698735452);
INSERT INTO `__PREFIX__config` VALUES (32, 'storage', '', 'local', '[]', 'normal', 1689958225, 1689958225);
INSERT INTO `__PREFIX__config` VALUES (33, 'storage', '', 'qiniu', '{\"bucket\":\"\",\"access_key\":\"\",\"secret_key\":\"\",\"domain\":\"\"}', 'normal', 1689958233, 1698735452);
INSERT INTO `__PREFIX__config` VALUES (34, 'website', '', 'name', 'LnkAdmin', 'normal', 1692442277, 1692774756);
INSERT INTO `__PREFIX__config` VALUES (35, 'website', '', 'dashboard_component', 'admin/views/index/index', 'normal', 1692442277, 1692442277);
INSERT INTO `__PREFIX__config` VALUES (36, 'storage', '', 'aliyun', '{\"bucket\":\"\",\"access_key\":\"\",\"secret_key\":\"\",\"domain\":\"\"}', 'normal', 1692525243, 1698735458);
INSERT INTO `__PREFIX__config` VALUES (43, 'lnksns', '', 'lnk_gw', 'https://lnksns.lnk.com', 'normal', 1692776450, 1692862811);
INSERT INTO `__PREFIX__config` VALUES (44, 'lnksns', '', 'lnk_gzh', 'https://mp.weixin.qq.com', 'normal', 1692776450, 1692776450);
INSERT INTO `__PREFIX__config` VALUES (47, 'lnksns', '', 'lnk_tx_kay', 'YQ4BZ-ZUBYG-TPOQO-QIWGB-QWO2V-HRFFQ', 'normal', 1692780462, 1692780462);
INSERT INTO `__PREFIX__config` VALUES (48, 'lnksns', '', 'lnk_nl', '[\"10后\",\"05后\",\"00后\",\"95后\",\"90后\",\"85后\",\"80后\",\"70后\",\"75后\",\"60后\"]', 'normal', 1692866052, 1692866893);
INSERT INTO `__PREFIX__config` VALUES (49, 'lnksns', '', 'lnk_zy', '[\"平面设计师\",\"插画师\",\"三维设计师\",\"网页设计师\",\"UI设计师\",\"动画师\",\"产品设计师\",\"室内设计师\",\"摄影师\",\"学生\",\"设计爱好者\",\"UX设计师\",\"新媒体设计师\",\"概念设计师\",\"特效合成师\",\"建筑师\",\"服装设计师\",\"手工艺人\",\"艺术工作者\",\"教育工作者\"]', 'normal', 1692866052, 1692866893);
INSERT INTO `__PREFIX__config` VALUES (51, 'lnksns', '', 'lnk_app_id', 'wx7eff39**********', 'normal', 1692871829, 1698735545);
INSERT INTO `__PREFIX__config` VALUES (52, 'lnksns', '', 'lnk_app_secret', 'a1cf6c23797d3b2f30**********', 'normal', 1692871829, 1698735545);
COMMIT;

-- ----------------------------
-- Table structure for __PREFIX__file
-- ----------------------------
DROP TABLE IF EXISTS `__PREFIX__file`;
CREATE TABLE `__PREFIX__file` (
  `id` int(11) NOT NULL AUTO_INCREMENT,
  `admin_id` int(11) NOT NULL DEFAULT '0' COMMENT '管理员',
  `uri` varchar(255) DEFAULT NULL COMMENT '路径',
  `image_width` int(11) NOT NULL DEFAULT '0' COMMENT '图片宽度',
  `image_height` int(11) NOT NULL DEFAULT '0' COMMENT '图片高度',
  `group` varchar(60) NOT NULL DEFAULT 'default' COMMENT '文件分组',
  `group_id` int(11) DEFAULT NULL,
  `extension` varchar(60) DEFAULT NULL COMMENT '后缀',
  `filename` varchar(255) DEFAULT NULL COMMENT '文件名',
  `storage` varchar(60) DEFAULT NULL COMMENT '存储驱动',
  `filesize` int(11) NOT NULL DEFAULT '0' COMMENT '文件大小',
  `mimetype` varchar(191) DEFAULT NULL COMMENT 'mime类型',
  `file_md5` varchar(60) DEFAULT NULL COMMENT '文件 md5',
  `create_time` int(11) DEFAULT NULL COMMENT '创建时间',
  `update_time` int(11) DEFAULT NULL COMMENT '更新时间',
  PRIMARY KEY (`id`),
  KEY `extension` (`extension`),
  KEY `mimetype` (`mimetype`),
  KEY `group` (`group`)
) ENGINE=InnoDB AUTO_INCREMENT=219 DEFAULT CHARSET=utf8mb4 COMMENT='文件';

-- ----------------------------
-- Records of __PREFIX__file
-- ----------------------------
BEGIN;
INSERT INTO `__PREFIX__file` VALUES (218, 0, 'uploads/images/20231031/2023103114582875f649561.jpg', 0, 0, 'default', 0, 'jpg', '5721652329486_.pic.jpg', NULL, 770214, 'image/jpeg', '2023103114582875f649561.jpg', 1698735508, 1698735508);
COMMIT;

-- ----------------------------
-- Table structure for __PREFIX__file_group
-- ----------------------------
DROP TABLE IF EXISTS `__PREFIX__file_group`;
CREATE TABLE `__PREFIX__file_group` (
  `id` int(11) NOT NULL AUTO_INCREMENT,
  `name` varchar(60) DEFAULT NULL COMMENT '分组名称',
  `group` varchar(60) NOT NULL DEFAULT '' COMMENT '分组标识',
  `weigh` int(11) NOT NULL DEFAULT '0' COMMENT '权重',
  `create_time` int(11) DEFAULT NULL COMMENT '创建时间',
  `update_time` int(11) DEFAULT NULL COMMENT '更新时间',
  PRIMARY KEY (`id`),
  UNIQUE KEY `group` (`group`)
) ENGINE=InnoDB AUTO_INCREMENT=11 DEFAULT CHARSET=utf8mb4 COMMENT='文件分组';

-- ----------------------------
-- Records of __PREFIX__file_group
-- ----------------------------
BEGIN;
INSERT INTO `__PREFIX__file_group` VALUES (10, 'default', 'default', 0, NULL, NULL);
COMMIT;

-- ----------------------------
-- Table structure for __PREFIX__free_circle
-- ----------------------------
DROP TABLE IF EXISTS `__PREFIX__free_circle`;
CREATE TABLE `__PREFIX__free_circle` (
  `id` bigint(20) unsigned NOT NULL AUTO_INCREMENT,
  `user_id` int(11) DEFAULT NULL COMMENT '用户ID',
  `name` varchar(50) COLLATE utf8mb4_unicode_ci NOT NULL DEFAULT '' COMMENT '名称',
  `avatar` varchar(255) COLLATE utf8mb4_unicode_ci NOT NULL DEFAULT '' COMMENT '头像',
  `intro` varchar(255) COLLATE utf8mb4_unicode_ci DEFAULT '' COMMENT '简介',
  `ip` varchar(128) COLLATE utf8mb4_unicode_ci DEFAULT '' COMMENT 'ip',
  `lat` varchar(50) COLLATE utf8mb4_unicode_ci DEFAULT '' COMMENT '纬度',
  `lng` varchar(50) COLLATE utf8mb4_unicode_ci DEFAULT '' COMMENT '经度',
  `country` varchar(50) COLLATE utf8mb4_unicode_ci DEFAULT '' COMMENT '国家',
  `province` varchar(50) COLLATE utf8mb4_unicode_ci DEFAULT '' COMMENT '省',
  `city` varchar(50) COLLATE utf8mb4_unicode_ci DEFAULT '' COMMENT '市',
  `district` varchar(50) COLLATE utf8mb4_unicode_ci DEFAULT '' COMMENT '区',
  `highlight` tinyint(1) NOT NULL DEFAULT '1' COMMENT '高亮',
  `status` tinyint(1) NOT NULL DEFAULT '1' COMMENT '状态',
  `weigh` int(11) NOT NULL DEFAULT '0' COMMENT '权重',
  `create_time` int(11) DEFAULT NULL COMMENT '创建时间',
  `update_time` int(11) DEFAULT NULL COMMENT '更新时间',
  PRIMARY KEY (`id`) USING BTREE,
  KEY `_id` (`id`)
) ENGINE=InnoDB AUTO_INCREMENT=16 DEFAULT CHARSET=utf8mb4 COLLATE=utf8mb4_unicode_ci COMMENT='圈子表';

-- ----------------------------
-- Records of __PREFIX__free_circle
-- ----------------------------
BEGIN;
INSERT INTO `__PREFIX__free_circle` VALUES (1, NULL, '平面', 'uploads/images/20231031/2023103114582875f649561.jpg', '包装、海报、品牌、IP形象、字体/字形、Logo、书籍/画册、宣传物料、图案、信息图表、PPT/Keynote', '', '', '', '', '', '', '', 0, 1, 1, 1692968992, 1698735531);
INSERT INTO `__PREFIX__free_circle` VALUES (2, NULL, 'UI', 'uploads/images/20231031/2023103114582875f649561.jpg', 'APP界面、游戏UI、软件界面、图标、主题/皮肤、交互/UE、动效设计、闪屏/壁纸', '', '', '', '', '', '', '', 1, 1, 0, 1693233446, 1698735632);
INSERT INTO `__PREFIX__free_circle` VALUES (3, NULL, '网页', 'uploads/images/20231031/2023103114582875f649561.jpg', '电商、企业官网、游戏/娱乐、运营设计、移动端网页、门户网站、个人网站', '', '', '', '', '', '', '', 0, 1, 0, 1693293630, 1693296291);
INSERT INTO `__PREFIX__free_circle` VALUES (4, NULL, '插画', 'uploads/images/20231031/2023103114582875f649561.jpg', '商业插画、概念设定、游戏原画、绘本、儿童插画、艺术插画、创作习作、新锐潮流插画、像素画', '', '', '', '', '', '', '', 1, 1, 0, 1693293673, 1693296257);
INSERT INTO `__PREFIX__free_circle` VALUES (5, NULL, '动漫', 'uploads/images/20231031/2023103114582875f649561.jpg', '短篇/格漫、中/长篇漫画、网络表情、单幅漫画、动画片', '', '', '', '', '', '', '', 0, 1, 0, 1693293718, 1693297864);
INSERT INTO `__PREFIX__free_circle` VALUES (6, NULL, '摄影', 'uploads/images/20231031/2023103114582875f649561.jpg', '人像摄影、风光摄影、人文/纪实摄影、美食摄影、产品摄影、环境/建筑摄影、时尚/艺术摄影、修图/后期、宠物摄影、婚礼摄影', '', '', '', '', '', '', '', 1, 1, 0, 1693293765, 1693302545);
INSERT INTO `__PREFIX__free_circle` VALUES (7, NULL, '空间', 'uploads/images/20231031/2023103114582875f649561.jpg', '家装设计、酒店餐饮设计、商业空间设计、建筑设计、舞台美术、展陈设计、景观设计', '', '', '', '', '', '', '', 0, 1, 0, 1693293833, 1693295950);
INSERT INTO `__PREFIX__free_circle` VALUES (8, NULL, '工业/产品', 'uploads/images/20231031/2023103114582875f649561.jpg', '生活用品、电子产品、交通工具、工业用品/机械、人机交互、玩具', '', '', '', '', '', '', '', 0, 1, 0, 1693293909, 1693296777);
INSERT INTO `__PREFIX__free_circle` VALUES (9, NULL, '三维', 'uploads/images/20231031/2023103114582875f649561.jpg', '动画/影视、机械/交通、人物/生物、产品、场景、建筑/空间', '', '', '', '', '', '', '', 0, 1, 0, 1693293950, 1693296360);
INSERT INTO `__PREFIX__free_circle` VALUES (10, NULL, '影视', 'uploads/images/20231031/2023103114582875f649561.jpg', '短片、Motion Graphic、宣传片、影视后期、栏目片头、MV、设定/分镜', '', '', '', '', '', '', '', 0, 1, 0, 1693293987, 1693303464);
INSERT INTO `__PREFIX__free_circle` VALUES (11, NULL, '手工艺', 'uploads/images/20231031/2023103114582875f649561.jpg', '工艺品设计、手办/模玩、首饰设计', '', '', '', '', '', '', '', 0, 1, 0, 1693294011, 1693303902);
INSERT INTO `__PREFIX__free_circle` VALUES (12, NULL, '艺术', 'uploads/images/20231031/2023103114582875f649561.jpg', '绘画、雕塑、书法、实验艺术', '', '', '', '', '', '', '', 0, 1, 0, 1693294054, 1693295829);
INSERT INTO `__PREFIX__free_circle` VALUES (13, NULL, 'AI创作', 'uploads/images/20231031/2023103114582875f649561.jpg', '人工智能使用算法和模型来生成或创作出一些形式的内容，例如文本、图像、音乐、视频等', '', '', '', '', '', '', '', 1, 1, 60, 1693294243, 1698735524);
INSERT INTO `__PREFIX__free_circle` VALUES (14, NULL, 'VR设计', 'uploads/images/20231031/2023103114582875f649561.jpg', '“虚拟现实设计”', '', '', '', '', '', '', '', 0, 1, 0, 1693294126, 1693304225);
INSERT INTO `__PREFIX__free_circle` VALUES (15, NULL, '服装', 'uploads/images/20231031/2023103114582875f649561.jpg', '休闲/流行服饰、正装/礼服、传统/民族服饰、配饰、鞋履设计、儿童服饰', '', '', '', '', '', '', '', 0, 1, 0, 1693294087, 1693302097);
COMMIT;

-- ----------------------------
-- Table structure for __PREFIX__free_circle_fans
-- ----------------------------
DROP TABLE IF EXISTS `__PREFIX__free_circle_fans`;
CREATE TABLE `__PREFIX__free_circle_fans` (
  `id` bigint(20) unsigned NOT NULL AUTO_INCREMENT,
  `user_id` int(11) NOT NULL COMMENT '用户ID',
  `circle_id` int(11) NOT NULL COMMENT '圈子ID',
  `status` tinyint(1) NOT NULL DEFAULT '0' COMMENT '状态',
  `weigh` int(11) NOT NULL DEFAULT '0' COMMENT '权重',
  `create_time` int(11) DEFAULT NULL COMMENT '创建时间',
  `update_time` int(11) DEFAULT NULL COMMENT '更新时间',
  PRIMARY KEY (`id`) USING BTREE,
  KEY `_u_c_ids` (`user_id`,`circle_id`)
) ENGINE=InnoDB AUTO_INCREMENT=11 DEFAULT CHARSET=utf8mb4 COLLATE=utf8mb4_unicode_ci COMMENT='圈子成员表';

-- ----------------------------
-- Records of __PREFIX__free_circle_fans
-- ----------------------------
BEGIN;
INSERT INTO `__PREFIX__free_circle_fans` VALUES (2, 100001, 2, 0, 0, 1693371894, NULL);
INSERT INTO `__PREFIX__free_circle_fans` VALUES (3, 100001, 3, 0, 0, 1693466372, NULL);
INSERT INTO `__PREFIX__free_circle_fans` VALUES (4, 100001, 4, 0, 0, 1693466375, NULL);
INSERT INTO `__PREFIX__free_circle_fans` VALUES (5, 100001, 1, 0, 0, 1693469908, NULL);
INSERT INTO `__PREFIX__free_circle_fans` VALUES (6, 100001, 7, 0, 0, 1693469922, NULL);
INSERT INTO `__PREFIX__free_circle_fans` VALUES (7, 100001, 14, 0, 0, 1693469937, NULL);
INSERT INTO `__PREFIX__free_circle_fans` VALUES (8, 100001, 12, 0, 0, 1693469940, NULL);
INSERT INTO `__PREFIX__free_circle_fans` VALUES (9, 100000, 13, 0, 0, 1693545226, NULL);
INSERT INTO `__PREFIX__free_circle_fans` VALUES (10, 100000, 2, 0, 0, 1693549048, NULL);
COMMIT;

-- ----------------------------
-- Table structure for __PREFIX__free_clause
-- ----------------------------
DROP TABLE IF EXISTS `__PREFIX__free_clause`;
CREATE TABLE `__PREFIX__free_clause` (
  `id` bigint(20) unsigned NOT NULL AUTO_INCREMENT,
  `title` varchar(20) COLLATE utf8mb4_unicode_ci NOT NULL DEFAULT '0' COMMENT '标题',
  `content` mediumtext COLLATE utf8mb4_unicode_ci NOT NULL COMMENT '内容',
  `status` tinyint(1) NOT NULL DEFAULT '0' COMMENT '状态',
  `weigh` int(11) NOT NULL DEFAULT '0' COMMENT '权重',
  `create_time` int(11) DEFAULT NULL COMMENT '创建时间',
  `update_time` int(11) DEFAULT NULL COMMENT '更新时间',
  PRIMARY KEY (`id`) USING BTREE
) ENGINE=InnoDB AUTO_INCREMENT=4 DEFAULT CHARSET=utf8mb4 COLLATE=utf8mb4_unicode_ci COMMENT='条款表';

-- ----------------------------
-- Records of __PREFIX__free_clause
-- ----------------------------
BEGIN;
INSERT INTO `__PREFIX__free_clause` VALUES (2, '用户协议', '<h1 style=\"margin: 0cm; text-align: center; line-height: 70.4px; break-after: avoid; font-size: 22pt; font-family: Calibri, sans-serif; background: white;\" align=\"center\"><span style=\"font-family: PingFangSC-Regular, sans-serif; color: #343a40; letter-spacing: 0.4pt;\">lnksns用户协议</span></h1>\r\n<h4 style=\"margin: 0px; padding: 0px; box-sizing: border-box; font-family: PingFangSC-Regular, \'Microsoft YaHei\', \'\\微软雅黑\', Tahoma, Helvetica, sans-serif; color: #343a40; font-size: 12px; letter-spacing: 0.5px; background-color: #ffffff; text-align: center;\" align=\"center\" data-v-2daed986=\"\" data-spm-anchor-id=\"a214ky.13184207.0.i2.79b12437WzQ4lN\"><span style=\"font-size: 9pt; line-height: 18.72px; font-family: PingFangSC-Regular, sans-serif; color: #343a40; letter-spacing: 0.4pt;\">最新版本生效日期：<span lang=\"EN-US\">2021</span>年<span lang=\"EN-US\">04</span>月<span lang=\"EN-US\">28</span>日</span></h4>\r\n<h3 style=\"margin: 0cm 0cm 11.25pt; text-align: justify; line-height: 36.6933px; break-after: avoid; font-size: 16pt; font-family: Calibri, sans-serif; background: white;\"><span lang=\"EN-US\" style=\"font-size: 9pt; line-height: 20.64px; font-family: PingFangSC-Regular, sans-serif; color: #343a40; letter-spacing: 0.4pt;\"><br style=\"margin: 0px; padding: 0px; box-sizing: border-box;\" data-v-2daed986=\"\" /></span><span style=\"font-size: 10.5pt; line-height: 24.08px; font-family: \'PingFang SC\', sans-serif; color: #242529; letter-spacing: -0.25pt;\">一、使用协议的接受与修改</span></h3>\r\n<p style=\"margin: 0cm 0cm 11.25pt; font-size: 12pt; font-family: 宋体; color: #000000; font-weight: 400; letter-spacing: normal; text-align: justify; line-height: 14.25pt; background-image: initial; background-position: initial; background-size: initial; background-repeat: initial; background-attachment: initial; background-origin: initial; background-clip: initial; caret-color: #242529; -webkit-tap-highlight-color: rgba(26, 26, 26, 0.3); text-size-adjust: auto;\"><span style=\"font-size: 9pt; font-family: \'PingFang SC\', sans-serif; color: #242529; letter-spacing: -0.2pt;\">深圳科技有限公司（以下简称&ldquo;酥怦君科技&rdquo;或&ldquo;我方&rdquo;）同意按照本协议的规定及其不时发布的操作规则提供基于互联网以及移动网（包括电脑、手机、平板电脑等终端）的客户端应用软件（以下简称&ldquo;lnksns&rdquo;），供客户端使用人（以下简称&ldquo;用户&rdquo;）在线下载、安装、注册、使用、复制本软件。本协议是用户与我方之间的协议，我方依据本协议为用户提供服务。</span></p>\r\n<p style=\"margin: 0cm 0cm 11.25pt; font-size: 12pt; font-family: 宋体; color: #000000; font-weight: 400; letter-spacing: normal; text-align: justify; line-height: 14.25pt; background-image: initial; background-position: initial; background-size: initial; background-repeat: initial; background-attachment: initial; background-origin: initial; background-clip: initial; caret-color: #242529; -webkit-tap-highlight-color: rgba(26, 26, 26, 0.3); text-size-adjust: auto;\"><span style=\"font-size: 9pt; font-family: \'PingFang SC\', sans-serif; color: #242529; letter-spacing: -0.2pt;\">本协议是用户与我方之间的协议，我方依据本协议为用户提供服务。</span></p>\r\n<p style=\"margin: 0cm 0cm 11.25pt; font-size: 12pt; font-family: 宋体; color: #000000; font-weight: 400; letter-spacing: normal; text-align: justify; line-height: 14.25pt; background-image: initial; background-position: initial; background-size: initial; background-repeat: initial; background-attachment: initial; background-origin: initial; background-clip: initial; caret-color: #242529; -webkit-tap-highlight-color: rgba(26, 26, 26, 0.3); text-size-adjust: auto;\"><span lang=\"EN-US\" style=\"font-size: 9pt; font-family: \'PingFang SC\', sans-serif; color: #242529; letter-spacing: -0.2pt;\">1.</span><span style=\"font-size: 9pt; font-family: \'PingFang SC\', sans-serif; color: #242529; letter-spacing: -0.2pt;\">　请用户务必审慎阅读、充分理解各条款内容，特别是免除或者限制责任的条款、法律适用和争议解决条款。免除或者限制责任的条款将以粗体下划线标识，用户应重点阅读。</span></p>\r\n<p style=\"margin: 0cm 0cm 11.25pt; font-size: 12pt; font-family: 宋体; color: #000000; font-weight: 400; letter-spacing: normal; text-align: justify; line-height: 14.25pt; background-image: initial; background-position: initial; background-size: initial; background-repeat: initial; background-attachment: initial; background-origin: initial; background-clip: initial; caret-color: #242529; -webkit-tap-highlight-color: rgba(26, 26, 26, 0.3); text-size-adjust: auto;\"><span lang=\"EN-US\" style=\"font-size: 9pt; font-family: \'PingFang SC\', sans-serif; color: #242529; letter-spacing: -0.2pt;\">2. </span><span style=\"font-size: 9pt; font-family: \'PingFang SC\', sans-serif; color: #242529; letter-spacing: -0.2pt;\">本协议服务条款构成用户（无论是个人或者单位）使用<span style=\"letter-spacing: -0.266667px;\">lnksns</span>所提供服务之先决条件。如用户不同意本协议服务条款或其随时对其的修改，用户应不使用或主动取消<span style=\"letter-spacing: -0.266667px;\">lnksns</span>提供的服务。用户的使用行为将被视为其对本协议服务条款及其随时修改版本的完全接受；阅读本协议的过程中，如果用户不同意本协议或其中任何条款约定，应立即停止注册程序。</span></p>\r\n<p style=\"margin: 0cm 0cm 11.25pt; font-size: 12pt; font-family: 宋体; color: #000000; font-weight: 400; letter-spacing: normal; text-align: justify; line-height: 14.25pt; background-image: initial; background-position: initial; background-size: initial; background-repeat: initial; background-attachment: initial; background-origin: initial; background-clip: initial; caret-color: #242529; -webkit-tap-highlight-color: rgba(26, 26, 26, 0.3); text-size-adjust: auto;\"><span lang=\"EN-US\" style=\"font-size: 9pt; font-family: \'PingFang SC\', sans-serif; color: #242529; letter-spacing: -0.2pt;\">3. </span><span style=\"font-size: 9pt; font-family: \'PingFang SC\', sans-serif; color: #242529; letter-spacing: -0.2pt;\">如果用户在本协议生效前已成为<span style=\"letter-spacing: -0.266667px;\">lnksns</span>的注册用户，则用户通过访问和<span lang=\"EN-US\">/</span>或使用<span style=\"letter-spacing: -0.266667px;\">lnksns</span>，即视为用户表示同意接受本协议的全部内容。</span></p>\r\n<p style=\"margin: 0cm 0cm 11.25pt; font-size: 12pt; font-family: 宋体; color: #000000; font-weight: 400; letter-spacing: normal; text-align: justify; line-height: 14.25pt; background-image: initial; background-position: initial; background-size: initial; background-repeat: initial; background-attachment: initial; background-origin: initial; background-clip: initial; caret-color: #242529; -webkit-tap-highlight-color: rgba(26, 26, 26, 0.3); text-size-adjust: auto;\"><span lang=\"EN-US\" style=\"font-size: 9pt; font-family: \'PingFang SC\', sans-serif; color: #242529; letter-spacing: -0.2pt;\">4.</span><span style=\"font-size: 9pt; font-family: \'PingFang SC\', sans-serif; color: #242529; letter-spacing: -0.2pt;\">　我方的《<span style=\"letter-spacing: -0.266667px;\">lnksns</span>隐私政策》以及其他相关规则均为本协议的补充协议，与本协议不可分割且具有同等法律效力。如用户不同意《<span style=\"letter-spacing: -0.266667px;\">lnksns</span>隐私政策》，则视为不同意本协议，用户应立即停止使用<span style=\"letter-spacing: -0.266667px;\">lnksns</span>提供的服务。</span></p>\r\n<p style=\"margin: 0cm 0cm 11.25pt; font-size: 12pt; font-family: 宋体; color: #000000; font-weight: 400; letter-spacing: normal; text-align: justify; line-height: 14.25pt; background-image: initial; background-position: initial; background-size: initial; background-repeat: initial; background-attachment: initial; background-origin: initial; background-clip: initial; caret-color: #242529; -webkit-tap-highlight-color: rgba(26, 26, 26, 0.3); text-size-adjust: auto;\"><span lang=\"EN-US\" style=\"font-size: 9pt; font-family: \'PingFang SC\', sans-serif; color: #242529; letter-spacing: -0.2pt;\">5. </span><span style=\"font-size: 9pt; font-family: \'PingFang SC\', sans-serif; color: #242529; letter-spacing: -0.2pt;\">上述条款我方可能会随时更新，我方会将更新后的用户协议、隐私政策及相关规则（统称&ldquo;用户协议&rdquo;）通过系统提示、信息推送和／或用户在<span style=\"letter-spacing: -0.266667px;\">lnksns</span>留下的联系方式通知和提醒用户注意。修改后的服务条款的主要内容会在协议顶部予以展示，一旦在<span style=\"letter-spacing: -0.266667px;\">lnksns</span>上公布即取代替原来的服务条款，并构成本条款整体之一部分。用户协议变更后，如用户继续使用<span style=\"letter-spacing: -0.266667px;\">lnksns</span>服务，即意味着用户同意接受。</span></p>\r\n<p style=\"margin: 0cm 0cm 11.25pt; font-size: 12pt; font-family: 宋体; color: #000000; font-weight: 400; letter-spacing: normal; text-align: justify; line-height: 14.25pt; background-image: initial; background-position: initial; background-size: initial; background-repeat: initial; background-attachment: initial; background-origin: initial; background-clip: initial; caret-color: #242529; -webkit-tap-highlight-color: rgba(26, 26, 26, 0.3); text-size-adjust: auto;\"><span style=\"font-size: 9pt; font-family: \'PingFang SC\', sans-serif; color: #242529; letter-spacing: -0.2pt;\">如用户不同意变更后的用户协议，应停止使用<span style=\"letter-spacing: -0.266667px;\">lnksns</span>的服务。</span></p>\r\n<h3 style=\"margin: 0cm 0cm 11.25pt; text-align: justify; line-height: 36.6933px; break-after: avoid; font-size: 16pt; font-family: Calibri, sans-serif; background: white; caret-color: #242529; -webkit-tap-highlight-color: rgba(26, 26, 26, 0.3); text-size-adjust: auto;\"><span style=\"font-size: 10.5pt; line-height: 24.08px; font-family: \'PingFang SC\', sans-serif; color: #242529; letter-spacing: -0.25pt;\">二、用户注册</span></h3>\r\n<p style=\"margin: 0cm 0cm 11.25pt; font-size: 12pt; font-family: 宋体; color: #000000; font-weight: 400; letter-spacing: normal; text-align: justify; line-height: 14.25pt; background-image: initial; background-position: initial; background-size: initial; background-repeat: initial; background-attachment: initial; background-origin: initial; background-clip: initial; caret-color: #242529; -webkit-tap-highlight-color: rgba(26, 26, 26, 0.3); text-size-adjust: auto;\"><span lang=\"EN-US\" style=\"font-size: 9pt; font-family: \'PingFang SC\', sans-serif; color: #242529; letter-spacing: -0.2pt;\">1. </span><span style=\"font-size: 9pt; font-family: \'PingFang SC\', sans-serif; color: #242529; letter-spacing: -0.2pt;\">用户确认其具备中华人民共和国法律规定的与用户行为相适应的民事行为能力。</span></p>\r\n<p style=\"margin: 0cm 0cm 11.25pt; font-size: 12pt; font-family: 宋体; color: #000000; font-weight: 400; letter-spacing: normal; text-align: justify; line-height: 14.25pt; background-image: initial; background-position: initial; background-size: initial; background-repeat: initial; background-attachment: initial; background-origin: initial; background-clip: initial; caret-color: #242529; -webkit-tap-highlight-color: rgba(26, 26, 26, 0.3); text-size-adjust: auto;\"><span style=\"font-size: 9pt; font-family: \'PingFang SC\', sans-serif; color: #242529; letter-spacing: -0.2pt;\">若用户不具备前述与其行为相适应的民事行为能力，则应获得监护人的同意。特别地，如果用户是未成年人，应使用&ldquo;青少年模式&rdquo;并在监护人的同意和指导下访问和<span lang=\"EN-US\">/</span>或使用<span style=\"letter-spacing: -0.266667px;\">lnksns</span>。用户及用户的监护人应依照法律规定承担因此而导致的相应的责任。</span></p>\r\n<p style=\"margin: 0cm 0cm 11.25pt; font-size: 12pt; font-family: 宋体; color: #000000; font-weight: 400; letter-spacing: normal; text-align: justify; line-height: 14.25pt; background-image: initial; background-position: initial; background-size: initial; background-repeat: initial; background-attachment: initial; background-origin: initial; background-clip: initial; caret-color: #242529; -webkit-tap-highlight-color: rgba(26, 26, 26, 0.3); text-size-adjust: auto;\"><span style=\"font-size: 9pt; font-family: \'PingFang SC\', sans-serif; color: #242529; letter-spacing: -0.2pt;\">如果用户使用<span style=\"letter-spacing: -0.266667px;\">lnksns</span>进行内容的上载、传播服务，用户需要注册一个帐号、密码，并确保注册信息的真实性、正确性及完整性，如果上述注册信息发生变化，用户应及时更改。在安全完成本服务的登记程序并收到一个密码及帐号后，用户应维持密码及帐号的机密安全。用户应对任何人利用用户的密码及帐号所进行的活动负完全的责任，我方无法对非法或未经用户授权使用用户帐号及密码的行为做出甄别，因此我方不承担任何责任。在此，用户同意并承诺做到：</span></p>\r\n<p style=\"margin: 0cm 0cm 11.25pt; font-size: 12pt; font-family: 宋体; color: #000000; font-weight: 400; letter-spacing: normal; text-align: justify; line-height: 14.25pt; background-image: initial; background-position: initial; background-size: initial; background-repeat: initial; background-attachment: initial; background-origin: initial; background-clip: initial; caret-color: #242529; -webkit-tap-highlight-color: rgba(26, 26, 26, 0.3); text-size-adjust: auto;\"><span style=\"font-size: 9pt; font-family: \'PingFang SC\', sans-serif; color: #242529; letter-spacing: -0.2pt;\">经<span style=\"letter-spacing: -0.266667px;\">lnksns</span>注册系统完成注册程序并获得<span style=\"letter-spacing: -0.266667px;\">lnksns</span>帐号的用户即为<span style=\"letter-spacing: -0.266667px;\">lnksns</span>的正式用户，即获得<span style=\"letter-spacing: -0.266667px;\">lnksns</span>规定用户所应享有的一切权限；我方有权对其正式用户的权限设计进行变更。</span></p>\r\n<p style=\"margin: 0cm 0cm 11.25pt; font-size: 12pt; font-family: 宋体; color: #000000; font-weight: 400; letter-spacing: normal; text-align: justify; line-height: 14.25pt; background-image: initial; background-position: initial; background-size: initial; background-repeat: initial; background-attachment: initial; background-origin: initial; background-clip: initial; caret-color: #242529; -webkit-tap-highlight-color: rgba(26, 26, 26, 0.3); text-size-adjust: auto;\"><span style=\"font-size: 9pt; font-family: \'PingFang SC\', sans-serif; color: #242529; letter-spacing: -0.2pt;\">在用户填写注册资料时，用户要确保所填写的信息是真实有效的。如用户提供的信息存在明显不实的，用户将承担因此造成的全部损失与不利后果。我方只在法律有明确规定的情况下承担相应的责任。</span></p>\r\n<p style=\"margin: 0cm 0cm 11.25pt; font-size: 12pt; font-family: 宋体; color: #000000; font-weight: 400; letter-spacing: normal; text-align: justify; line-height: 14.25pt; background-image: initial; background-position: initial; background-size: initial; background-repeat: initial; background-attachment: initial; background-origin: initial; background-clip: initial; caret-color: #242529; -webkit-tap-highlight-color: rgba(26, 26, 26, 0.3); text-size-adjust: auto;\"><span style=\"font-size: 9pt; font-family: \'PingFang SC\', sans-serif; color: #242529; letter-spacing: -0.2pt;\">用户注册帐号时不得以下列内容作为帐号名称，如发现用户帐号中含有不雅文字或不恰当名称的，我方将拒绝注册，已经注册的，将保留取消其用户资格的权利。</span></p>\r\n<p style=\"margin: 0cm 0cm 11.25pt; font-size: 12pt; font-family: 宋体; color: #000000; font-weight: 400; letter-spacing: normal; text-align: justify; line-height: 14.25pt; background-image: initial; background-position: initial; background-size: initial; background-repeat: initial; background-attachment: initial; background-origin: initial; background-clip: initial; caret-color: #242529; -webkit-tap-highlight-color: rgba(26, 26, 26, 0.3); text-size-adjust: auto;\"><span style=\"font-size: 9pt; font-family: \'PingFang SC\', sans-serif; color: #242529; letter-spacing: -0.2pt;\">除本协议注明之服务条款外，其他一切因使用<span style=\"letter-spacing: -0.266667px;\">lnksns</span>而引致之任何意外、疏忽、合约毁坏、诽谤、版权或其他知识产权侵犯及其所造成的损失（包括但不限于因下载而感染电脑病毒），我方概不负责，亦不承担任何法律责任。</span></p>\r\n<p style=\"margin: 0cm; font-size: 12pt; font-family: 宋体; color: #000000; font-weight: 400; letter-spacing: normal; text-align: justify; line-height: 14.25pt; background-image: initial; background-position: initial; background-size: initial; background-repeat: initial; background-attachment: initial; background-origin: initial; background-clip: initial; caret-color: #242529; -webkit-tap-highlight-color: rgba(26, 26, 26, 0.3); text-size-adjust: auto;\"><span lang=\"EN-US\" style=\"font-size: 9pt; font-family: \'PingFang SC\', sans-serif; color: #242529; letter-spacing: -0.2pt;\">(1)</span><span style=\"font-size: 9pt; font-family: \'PingFang SC\', sans-serif; color: #242529; letter-spacing: -0.2pt;\">请勿以党和国家领导人或其他社会名人的真实姓名、字号、艺名、笔名注册；<span class=\"apple-converted-space\"><span lang=\"EN-US\">&nbsp;</span></span><span lang=\"EN-US\"><br />(2)</span>请勿以国家机构或其他机构的名称注册；<span class=\"apple-converted-space\"><span lang=\"EN-US\">&nbsp;</span></span><span lang=\"EN-US\"><br />(3)</span>请勿注册不文明、不健康名字，或包含歧视、侮辱、猥亵类词语的帐号；<span class=\"apple-converted-space\"><span lang=\"EN-US\">&nbsp;</span></span><span lang=\"EN-US\"><br />(4)</span>请勿注册易产生歧义、引起他人误解或其它不符合法律法规、规章制度等规定的帐号。</span></p>\r\n<p style=\"margin: 0cm 0cm 11.25pt; font-size: 12pt; font-family: 宋体; color: #000000; font-weight: 400; letter-spacing: normal; text-align: justify; line-height: 14.25pt; background-image: initial; background-position: initial; background-size: initial; background-repeat: initial; background-attachment: initial; background-origin: initial; background-clip: initial; caret-color: #242529; -webkit-tap-highlight-color: rgba(26, 26, 26, 0.3); text-size-adjust: auto;\"><span lang=\"EN-US\" style=\"font-size: 9pt; font-family: \'PingFang SC\', sans-serif; color: #242529; letter-spacing: -0.2pt;\">2. </span><span style=\"font-size: 9pt; font-family: \'PingFang SC\', sans-serif; color: #242529; letter-spacing: -0.2pt;\">帐号所有权归我方，用户完成申请注册手续后，获得帐号的有限使用权。</span></p>\r\n<p style=\"margin: 0cm 0cm 11.25pt; font-size: 12pt; font-family: 宋体; color: #000000; font-weight: 400; letter-spacing: normal; text-align: justify; line-height: 14.25pt; background-image: initial; background-position: initial; background-size: initial; background-repeat: initial; background-attachment: initial; background-origin: initial; background-clip: initial; caret-color: #242529; -webkit-tap-highlight-color: rgba(26, 26, 26, 0.3); text-size-adjust: auto;\"><span lang=\"EN-US\" style=\"font-size: 9pt; font-family: \'PingFang SC\', sans-serif; color: #242529; letter-spacing: -0.2pt;\">3. </span><span style=\"font-size: 9pt; font-family: \'PingFang SC\', sans-serif; color: #242529; letter-spacing: -0.2pt;\">帐号使用权仅属于初始申请注册人，禁止赠与、借用、租用、转让或售卖，否则由此产生的一切责任均由用户承担，同时我方保留追究上述行为人法律责任的权利。如果发现使用者并非帐号初始注册人，我方有权在未经通知的情况下回收该帐号而无需向该帐号使用人承担法律责任，由此带来的包括并不限于用户资料等清空等损失由用户自行承担。</span></p>\r\n<p style=\"margin: 0cm 0cm 11.25pt; font-size: 12pt; font-family: 宋体; color: #000000; font-weight: 400; letter-spacing: normal; text-align: justify; line-height: 14.25pt; background-image: initial; background-position: initial; background-size: initial; background-repeat: initial; background-attachment: initial; background-origin: initial; background-clip: initial; caret-color: #242529; -webkit-tap-highlight-color: rgba(26, 26, 26, 0.3); text-size-adjust: auto;\"><span lang=\"EN-US\" style=\"font-size: 9pt; font-family: \'PingFang SC\', sans-serif; color: #242529; letter-spacing: -0.2pt;\">4. </span><span style=\"font-size: 9pt; font-family: \'PingFang SC\', sans-serif; color: #242529; letter-spacing: -0.2pt;\">用户承担<span style=\"letter-spacing: -0.266667px;\">lnksns</span>帐号与密码的保管责任，并就其帐号及密码项下之一切活动负全部责任。用户须重视<span style=\"letter-spacing: -0.266667px;\">lnksns</span>帐号密码和公开邮箱的密码保护。用户同意如发现他人未经许可使用其帐号时立即通知我方。</span></p>\r\n<p style=\"margin: 0cm 0cm 11.25pt; font-size: 12pt; font-family: 宋体; color: #000000; font-weight: 400; letter-spacing: normal; text-align: justify; line-height: 14.25pt; background-image: initial; background-position: initial; background-size: initial; background-repeat: initial; background-attachment: initial; background-origin: initial; background-clip: initial; caret-color: #242529; -webkit-tap-highlight-color: rgba(26, 26, 26, 0.3); text-size-adjust: auto;\"><span lang=\"EN-US\" style=\"font-size: 9pt; font-family: \'PingFang SC\', sans-serif; color: #242529; letter-spacing: -0.2pt;\">5.</span><span style=\"font-size: 9pt; font-family: \'PingFang SC\', sans-serif; color: #242529; letter-spacing: -0.2pt;\">用户帐号在丢失或遗忘密码后，须遵照<span style=\"letter-spacing: -0.266667px;\">lnksns</span>的申诉途径及时申诉请求找回帐号。用户应提供能增加帐号安全性的个人密码保护资料。用户可以凭初始注册资料及个人密码保护资料填写申诉单向我方申请找回帐号，<span style=\"letter-spacing: -0.266667px;\">lnksns</span>的密码找回机制仅负责识别申诉单上所填资料与系统记录资料的正确性，而无法识别申诉人是否系真正帐号权使用人。对用户因被他人冒名申诉而致的任何损失，我方不承担任何责任，用户知晓<span style=\"letter-spacing: -0.266667px;\">lnksns</span>帐号及密码保管责任在于用户，我方并不承诺帐号丢失或遗忘密码后用户一定能通过申诉找回帐号。</span></p>\r\n<p style=\"margin: 0cm 0cm 11.25pt; font-size: 12pt; font-family: 宋体; color: #000000; font-weight: 400; letter-spacing: normal; text-align: justify; line-height: 14.25pt; background-image: initial; background-position: initial; background-size: initial; background-repeat: initial; background-attachment: initial; background-origin: initial; background-clip: initial; caret-color: #242529; -webkit-tap-highlight-color: rgba(26, 26, 26, 0.3); text-size-adjust: auto;\"><span style=\"font-size: 9pt; font-family: \'PingFang SC\', sans-serif; color: #242529; letter-spacing: -0.2pt;\">帐户因用户主动泄露或遭受他人攻击、诈骗等行为导致的损失及后果，依据法律规定双方各自承担风险及责任。我方在法律有明确规定的情况下承担相应的责任。</span></p>\r\n<p style=\"margin: 0cm 0cm 11.25pt; font-size: 12pt; font-family: 宋体; color: #000000; font-weight: 400; letter-spacing: normal; text-align: justify; line-height: 14.25pt; background-image: initial; background-position: initial; background-size: initial; background-repeat: initial; background-attachment: initial; background-origin: initial; background-clip: initial; caret-color: #242529; -webkit-tap-highlight-color: rgba(26, 26, 26, 0.3); text-size-adjust: auto;\"><span lang=\"EN-US\" style=\"font-size: 9pt; font-family: \'PingFang SC\', sans-serif; color: #242529; letter-spacing: -0.2pt;\">6. </span><span style=\"font-size: 9pt; font-family: \'PingFang SC\', sans-serif; color: #242529; letter-spacing: -0.2pt;\">如用户已注册<span style=\"letter-spacing: -0.266667px;\">lnksns</span>帐号，但尚未进行实名认证，则用户应尽快绑定个人手机号进行认证。如用户不进行实名认证，则我方保留停止该帐号在<span style=\"letter-spacing: -0.266667px;\">lnksns</span>使用的权利。如果不进行实名认证，用户仍可浏览<span style=\"letter-spacing: -0.266667px;\">lnksns</span>的内容，但可能无法使用评论、跟帖、弹幕等功能或者其他相关权利和服务。</span></p>\r\n<p style=\"margin: 0cm 0cm 11.25pt; font-size: 12pt; font-family: 宋体; color: #000000; font-weight: 400; letter-spacing: normal; text-align: justify; line-height: 14.25pt; background-image: initial; background-position: initial; background-size: initial; background-repeat: initial; background-attachment: initial; background-origin: initial; background-clip: initial; caret-color: #242529; -webkit-tap-highlight-color: rgba(26, 26, 26, 0.3); text-size-adjust: auto;\"><span lang=\"EN-US\" style=\"font-size: 9pt; font-family: \'PingFang SC\', sans-serif; color: #242529; letter-spacing: -0.2pt;\">7. </span><span style=\"font-size: 9pt; font-family: \'PingFang SC\', sans-serif; color: #242529; letter-spacing: -0.2pt;\">本着有效利用<span style=\"letter-spacing: -0.266667px;\">lnksns</span>帐号资源，保障更多合法用户权益为目的，对于以下恶意注册或者长期未登录的帐号，我方有权回收，由此带来的损失由用户自行承担。我方在对此类帐户进行清理前，将以包括但不限于网站公告、站内消息、客户端推送信息等方式通知用户。</span></p>\r\n<p style=\"margin: 0cm; font-size: 12pt; font-family: 宋体; color: #000000; font-weight: 400; letter-spacing: normal; text-align: justify; line-height: 14.25pt; background-image: initial; background-position: initial; background-size: initial; background-repeat: initial; background-attachment: initial; background-origin: initial; background-clip: initial; caret-color: #242529; -webkit-tap-highlight-color: rgba(26, 26, 26, 0.3); text-size-adjust: auto;\"><span lang=\"EN-US\" style=\"font-size: 9pt; font-family: \'PingFang SC\', sans-serif; color: #242529; letter-spacing: -0.2pt;\">(1)</span><span style=\"font-size: 9pt; font-family: \'PingFang SC\', sans-serif; color: #242529; letter-spacing: -0.2pt;\">未进行实名制认证的帐号；<span class=\"apple-converted-space\"><span lang=\"EN-US\">&nbsp;</span></span><span lang=\"EN-US\"><br />(2)</span>连续<span lang=\"EN-US\">6</span>个月未登录的帐号；<span class=\"apple-converted-space\"><span lang=\"EN-US\">&nbsp;</span></span><span lang=\"EN-US\"><br />(3)</span>其他具有恶意注册情况的帐号。</span></p>\r\n<p style=\"margin: 0cm 0cm 11.25pt; font-size: 12pt; font-family: 宋体; color: #000000; font-weight: 400; letter-spacing: normal; text-align: justify; line-height: 14.25pt; background-image: initial; background-position: initial; background-size: initial; background-repeat: initial; background-attachment: initial; background-origin: initial; background-clip: initial; caret-color: #242529; -webkit-tap-highlight-color: rgba(26, 26, 26, 0.3); text-size-adjust: auto;\"><span lang=\"EN-US\" style=\"font-size: 9pt; font-family: \'PingFang SC\', sans-serif; color: #242529; letter-spacing: -0.2pt;\">8. </span><span style=\"font-size: 9pt; font-family: \'PingFang SC\', sans-serif; color: #242529; letter-spacing: -0.2pt;\">用户注销帐号时，我方将参照《<span style=\"letter-spacing: -0.266667px;\">lnksns</span>隐私政策》相关内容进行个人信息的删除。</span></p>\r\n<h3 style=\"margin: 0cm 0cm 11.25pt; text-align: justify; line-height: 36.6933px; break-after: avoid; font-size: 16pt; font-family: Calibri, sans-serif; background: white; caret-color: #242529; -webkit-tap-highlight-color: rgba(26, 26, 26, 0.3); text-size-adjust: auto;\"><span style=\"font-size: 10.5pt; line-height: 24.08px; font-family: \'PingFang SC\', sans-serif; color: #242529; letter-spacing: -0.25pt;\">三、服务内容</span></h3>\r\n<p style=\"margin: 0cm 0cm 11.25pt; font-size: 12pt; font-family: 宋体; color: #000000; font-weight: 400; letter-spacing: normal; text-align: justify; line-height: 14.25pt; background-image: initial; background-position: initial; background-size: initial; background-repeat: initial; background-attachment: initial; background-origin: initial; background-clip: initial; caret-color: #242529; -webkit-tap-highlight-color: rgba(26, 26, 26, 0.3); text-size-adjust: auto;\"><span lang=\"EN-US\" style=\"font-size: 9pt; font-family: \'PingFang SC\', sans-serif; color: #242529; letter-spacing: -0.2pt;\">1. </span><span style=\"font-size: 9pt; font-family: \'PingFang SC\', sans-serif; color: #242529; letter-spacing: -0.2pt;\">用户可使用<span style=\"letter-spacing: -0.266667px;\">lnksns</span>服务上传动画、文字、图片、视频等（以下简称&ldquo;内容&rdquo;），并在此明确陈述并保证对其上载、传播到<span style=\"letter-spacing: -0.266667px;\">lnksns</span>上的所有内容，拥有或取得了所有必要的权利并承担全部的法律责任，包括但不限于：用户有权或已取得必要的许可、授权、准许使用或授权<span style=\"letter-spacing: -0.266667px;\">lnksns</span>使用所有与上传内容有关的专利、商标、著作权、商业秘密、表演者权等相关专有权利和利益。</span></p>\r\n<p style=\"margin: 0cm 0cm 11.25pt; font-size: 12pt; font-family: 宋体; color: #000000; font-weight: 400; letter-spacing: normal; text-align: justify; line-height: 14.25pt; background-image: initial; background-position: initial; background-size: initial; background-repeat: initial; background-attachment: initial; background-origin: initial; background-clip: initial; caret-color: #242529; -webkit-tap-highlight-color: rgba(26, 26, 26, 0.3); text-size-adjust: auto;\"><span lang=\"EN-US\" style=\"font-size: 9pt; font-family: \'PingFang SC\', sans-serif; color: #242529; letter-spacing: -0.2pt;\">2. </span><span style=\"font-size: 9pt; font-family: \'PingFang SC\', sans-serif; color: #242529; letter-spacing: -0.2pt;\">我方并不担保用户上传的所有内容能够通过<span style=\"letter-spacing: -0.266667px;\">lnksns</span>服务为其他用户所获取、浏览，<span style=\"letter-spacing: -0.266667px;\">lnksns</span>客观上无法实现对所有用户上载、传播的内容进行实时监测；但我方保留根据国家法律、法规的要求对上载、传播的内容进行不定时抽查的权利，并有权在不事先通知的情况下移除或断开链接违法、侵权的内容。</span></p>\r\n<p style=\"margin: 0cm 0cm 11.25pt; font-size: 12pt; font-family: 宋体; color: #000000; font-weight: 400; letter-spacing: normal; text-align: justify; line-height: 14.25pt; background-image: initial; background-position: initial; background-size: initial; background-repeat: initial; background-attachment: initial; background-origin: initial; background-clip: initial; caret-color: #242529; -webkit-tap-highlight-color: rgba(26, 26, 26, 0.3); text-size-adjust: auto;\"><span lang=\"EN-US\" style=\"font-size: 9pt; font-family: \'PingFang SC\', sans-serif; color: #242529; letter-spacing: -0.2pt;\">3. </span><span style=\"font-size: 9pt; font-family: \'PingFang SC\', sans-serif; color: #242529; letter-spacing: -0.2pt;\">用户同意我方在提供服务的过程中以各种方式投放商业性广告或其他任何类型的商业信息（包括但不限于在<span style=\"letter-spacing: -0.266667px;\">lnksns</span>的任何位置上投放广告，在用户上传、传播的内容中投放广告）。</span></p>\r\n<p style=\"margin: 0cm 0cm 11.25pt; font-size: 12pt; font-family: 宋体; color: #000000; font-weight: 400; letter-spacing: normal; text-align: justify; line-height: 14.25pt; background-image: initial; background-position: initial; background-size: initial; background-repeat: initial; background-attachment: initial; background-origin: initial; background-clip: initial; caret-color: #242529; -webkit-tap-highlight-color: rgba(26, 26, 26, 0.3); text-size-adjust: auto;\"><span lang=\"EN-US\" style=\"font-size: 9pt; font-family: \'PingFang SC\', sans-serif; color: #242529; letter-spacing: -0.2pt;\">4.&nbsp;</span><span style=\"font-size: 9pt; font-family: \'PingFang SC\', sans-serif; color: #242529; letter-spacing: -0.2pt;\"><span style=\"letter-spacing: -0.266667px;\">lnksns</span>通过&ldquo;消息&ldquo;为用户提供即时通讯功能。<span style=\"letter-spacing: -0.266667px;\">lnksns</span>通过用户在<span style=\"letter-spacing: -0.266667px;\">lnksns</span>发布内容、移动设备的信息对具有一定共识的用户进行模糊匹配，该服务为娱乐性质的陌生人社交，</span><span style=\"color: #242529; font-family: \'PingFang SC\', sans-serif; font-size: 12px; letter-spacing: -0.266667px;\">lnksns</span><span style=\"color: #242529; font-family: \'PingFang SC\', sans-serif; font-size: 9pt; letter-spacing: -0.2pt;\">仅提供平台服务。用户应对对方提出的转账、借款或要求线下见面等引起警惕，避免不必要的财产损失和其他损失，如用户因此遭受损失的，</span><span style=\"color: #242529; font-family: \'PingFang SC\', sans-serif; font-size: 12px; letter-spacing: -0.266667px;\">lnksns</span><span style=\"color: #242529; font-family: \'PingFang SC\', sans-serif; font-size: 9pt; letter-spacing: -0.2pt;\">对此不承担责任。</span></p>\r\n<p style=\"margin: 0cm 0cm 11.25pt; font-size: 12pt; font-family: 宋体; color: #000000; font-weight: 400; letter-spacing: normal; text-align: justify; line-height: 14.25pt; background-image: initial; background-position: initial; background-size: initial; background-repeat: initial; background-attachment: initial; background-origin: initial; background-clip: initial; caret-color: #242529; -webkit-tap-highlight-color: rgba(26, 26, 26, 0.3); text-size-adjust: auto;\"><span lang=\"EN-US\" style=\"font-size: 9pt; font-family: \'PingFang SC\', sans-serif; color: #242529; letter-spacing: -0.2pt;\">5.&nbsp;</span><span style=\"font-size: 9pt; font-family: \'PingFang SC\', sans-serif; color: #242529; letter-spacing: -0.2pt;\"><span style=\"letter-spacing: -0.266667px;\">lnksns</span>用户应当遵守《<span style=\"letter-spacing: -0.266667px;\">lnksns</span>社区管理规范》，<span style=\"letter-spacing: -0.266667px;\">lnksns</span>鼓励用户通过站内私信、电子邮件、官方微博<span lang=\"EN-US\">/</span>微信公众号留言的形式向我方举报或投诉用户上传的不良信息或者侵权信息。有志于与<span style=\"letter-spacing: -0.266667px;\">lnksns</span>一道维护<span style=\"letter-spacing: -0.266667px;\">lnksns</span>有趣有爱有态度的文明社区环境的用户，可以按照&ldquo;审核专区&rdquo;的要求申请成为审贴员、神评审核员、广告治理员、攻击引战治理员，与<span style=\"letter-spacing: -0.266667px;\">lnksns</span>一起维护网络环境。</span></p>\r\n<p style=\"margin: 0cm 0cm 11.25pt; font-size: 12pt; font-family: 宋体; color: #000000; font-weight: 400; letter-spacing: normal; text-align: justify; line-height: 14.25pt; background-image: initial; background-position: initial; background-size: initial; background-repeat: initial; background-attachment: initial; background-origin: initial; background-clip: initial; caret-color: #242529; -webkit-tap-highlight-color: rgba(26, 26, 26, 0.3); text-size-adjust: auto;\"><span lang=\"EN-US\" style=\"font-size: 9pt; font-family: \'PingFang SC\', sans-serif; color: #242529; letter-spacing: -0.2pt;\">6.&nbsp;</span><span style=\"font-size: 9pt; font-family: \'PingFang SC\', sans-serif; color: #242529; letter-spacing: -0.2pt;\"><span style=\"letter-spacing: -0.266667px;\">lnksns</span>对符合条件的用户，可以申请<span style=\"letter-spacing: -0.266667px;\">lnksns</span>勋章，用户获得的勋章只作为用户在<span style=\"letter-spacing: -0.266667px;\">lnksns</span>平台的身份标识，用户不得以此冒充<span style=\"letter-spacing: -0.266667px;\">lnksns</span>从事未经<span style=\"letter-spacing: -0.266667px;\">lnksns</span>许可的任何活动。</span></p>\r\n<p style=\"margin: 0cm 0cm 11.25pt; font-size: 12pt; font-family: 宋体; color: #000000; font-weight: 400; letter-spacing: normal; text-align: justify; line-height: 14.25pt; background-image: initial; background-position: initial; background-size: initial; background-repeat: initial; background-attachment: initial; background-origin: initial; background-clip: initial; caret-color: #242529; -webkit-tap-highlight-color: rgba(26, 26, 26, 0.3); text-size-adjust: auto;\"><span lang=\"EN-US\" style=\"font-size: 9pt; font-family: \'PingFang SC\', sans-serif; color: #242529; letter-spacing: -0.2pt;\">7. 用户在<span style=\"letter-spacing: -0.266667px;\">lnksns</span>内使用打赏功能，代表已认真阅读并同意</span><span style=\"color: #242529; font-family: \'PingFang SC\', sans-serif; font-size: 12px; letter-spacing: -0.266667px;\"><span style=\"letter-spacing: -0.266667px;\">lnksns</span>《</span><span lang=\"EN-US\" style=\"font-size: 9pt; font-family: \'PingFang SC\', sans-serif; color: #242529; letter-spacing: -0.2pt;\">打赏声明</span><span style=\"color: #242529; font-family: \'PingFang SC\', sans-serif; font-size: 12px; letter-spacing: -0.266667px;\">》</span><span lang=\"EN-US\" style=\"font-size: 9pt; font-family: \'PingFang SC\', sans-serif; color: #242529; letter-spacing: -0.2pt;\">条款</span><span style=\"font-size: 9pt; font-family: \'PingFang SC\', sans-serif; color: #242529; letter-spacing: -0.2pt;\">。</span></p>\r\n<p style=\"margin: 0cm 0cm 11.25pt; font-size: 12pt; font-family: 宋体; color: #000000; font-weight: 400; letter-spacing: normal; text-align: justify; line-height: 14.25pt; background-image: initial; background-position: initial; background-size: initial; background-repeat: initial; background-attachment: initial; background-origin: initial; background-clip: initial; caret-color: #242529; -webkit-tap-highlight-color: rgba(26, 26, 26, 0.3); text-size-adjust: auto;\"><span lang=\"EN-US\" style=\"font-size: 9pt; font-family: \'PingFang SC\', sans-serif; color: #242529; letter-spacing: -0.2pt;\">8. </span><span style=\"font-size: 9pt; font-family: \'PingFang SC\', sans-serif; color: #242529; letter-spacing: -0.2pt;\">用户成为<span lang=\"EN-US\"><span style=\"letter-spacing: -0.266667px;\">lnksns</span>VIP</span>的，根据相关的协议享有<span lang=\"EN-US\">VIP</span>服务，具体以《<span style=\"letter-spacing: -0.266667px;\">lnksns</span>会员服务协议》为准。</span></p>\r\n<h3 style=\"margin: 0cm 0cm 11.25pt; text-align: justify; line-height: 36.6933px; break-after: avoid; font-size: 16pt; font-family: Calibri, sans-serif; background: white; caret-color: #242529; -webkit-tap-highlight-color: rgba(26, 26, 26, 0.3); text-size-adjust: auto;\"><span style=\"font-size: 10.5pt; line-height: 24.08px; font-family: \'PingFang SC\', sans-serif; color: #242529; letter-spacing: -0.25pt;\">四、知识产权及相关权利</span></h3>\r\n<p style=\"margin: 0cm 0cm 11.25pt; font-size: 12pt; font-family: 宋体; color: #000000; font-weight: 400; letter-spacing: normal; text-align: justify; line-height: 14.25pt; background-image: initial; background-position: initial; background-size: initial; background-repeat: initial; background-attachment: initial; background-origin: initial; background-clip: initial; caret-color: #242529; -webkit-tap-highlight-color: rgba(26, 26, 26, 0.3); text-size-adjust: auto;\"><span lang=\"EN-US\" style=\"font-size: 9pt; font-family: \'PingFang SC\', sans-serif; color: #242529; letter-spacing: -0.2pt;\">1.</span><span style=\"font-size: 9pt; font-family: \'PingFang SC\', sans-serif; color: #242529; letter-spacing: -0.2pt;\">　酥怦君科技是<span style=\"letter-spacing: -0.266667px;\">lnksns</span>的所有权及知识产权权利人，包括但不限于程序代码、界面设计、版面框架、数据资料、帐号、文字、图片、图形、图标、音频、视频等，除按照法律法规规定应由相关权利人享有权利和用户自行上载的内容以外。</span></p>\r\n<p style=\"margin: 0cm 0cm 11.25pt; font-size: 12pt; font-family: 宋体; color: #000000; font-weight: 400; letter-spacing: normal; text-align: justify; line-height: 14.25pt; background-image: initial; background-position: initial; background-size: initial; background-repeat: initial; background-attachment: initial; background-origin: initial; background-clip: initial; caret-color: #242529; -webkit-tap-highlight-color: rgba(26, 26, 26, 0.3); text-size-adjust: auto;\"><span lang=\"EN-US\" style=\"font-size: 9pt; font-family: \'PingFang SC\', sans-serif; color: #242529; letter-spacing: -0.2pt;\">2.</span><span style=\"font-size: 9pt; font-family: \'PingFang SC\', sans-serif; color: #242529; letter-spacing: -0.2pt;\">　我方为提供服务而使用的任何软件（包括但不限于软件中所含的任何图像、照片、动画、录像、录音、音乐、文字和附加程序、随附的帮助材料）的一切权利均属于该软件的著作权人，未经该软件的著作权人许可，用户不得对该软件进行反向工程、反向编译或反汇编，或以其他方式发现其原始编码。</span></p>\r\n<p style=\"margin: 0cm 0cm 11.25pt; font-size: 12pt; font-family: 宋体; color: #000000; font-weight: 400; letter-spacing: normal; text-align: justify; line-height: 14.25pt; background-image: initial; background-position: initial; background-size: initial; background-repeat: initial; background-attachment: initial; background-origin: initial; background-clip: initial; caret-color: #242529; -webkit-tap-highlight-color: rgba(26, 26, 26, 0.3); text-size-adjust: auto;\"><span lang=\"EN-US\" style=\"font-size: 9pt; font-family: \'PingFang SC\', sans-serif; color: #242529; letter-spacing: -0.2pt;\">3.</span><span style=\"font-size: 9pt; font-family: \'PingFang SC\', sans-serif; color: #242529; letter-spacing: -0.2pt;\">　用户上传的内容是指用户在<span style=\"letter-spacing: -0.266667px;\">lnksns</span>上上载、传播的文字、图片、视频、音频或其它任何形式的内容。用户在<span style=\"letter-spacing: -0.266667px;\">lnksns</span>上传或发布内容的，用户应保证其对该等内容享有合法著作权<span lang=\"EN-US\">/</span>版权或者相应授权，对于用户无权利且未获得授权的作品，请勿上传至<span style=\"letter-spacing: -0.266667px;\">lnksns</span>。</span></p>\r\n<p style=\"margin: 0cm 0cm 11.25pt; font-size: 12pt; font-family: 宋体; color: #000000; font-weight: 400; letter-spacing: normal; text-align: justify; line-height: 14.25pt; background-image: initial; background-position: initial; background-size: initial; background-repeat: initial; background-attachment: initial; background-origin: initial; background-clip: initial; caret-color: #242529; -webkit-tap-highlight-color: rgba(26, 26, 26, 0.3); text-size-adjust: auto;\"><span lang=\"EN-US\" style=\"font-size: 9pt; font-family: \'PingFang SC\', sans-serif; color: #242529; letter-spacing: -0.2pt;\">4. </span><span style=\"font-size: 9pt; font-family: \'PingFang SC\', sans-serif; color: #242529; letter-spacing: -0.2pt;\">除双方另有约定外，用户使用<span style=\"letter-spacing: -0.266667px;\">lnksns</span>上传、发布或传输内容即代表了用户有权且同意在全世界范围内，永久性的（除非用户主动删除或书面要求<span style=\"letter-spacing: -0.266667px;\">lnksns</span>下线上述视频）、免费的授权我方：</span></p>\r\n<p style=\"margin: 0cm; font-size: 12pt; font-family: 宋体; color: #000000; font-weight: 400; letter-spacing: normal; text-align: justify; line-height: 14.25pt; background-image: initial; background-position: initial; background-size: initial; background-repeat: initial; background-attachment: initial; background-origin: initial; background-clip: initial; caret-color: #242529; -webkit-tap-highlight-color: rgba(26, 26, 26, 0.3); text-size-adjust: auto;\"><span style=\"font-size: 9pt; font-family: \'PingFang SC\', sans-serif; color: #242529; letter-spacing: -0.2pt;\">（<span lang=\"EN-US\">1</span>）对该内容的存储、使用、发布、复制、修改、改编、出版、翻译、据以创作衍生作品、传播、表演和展示等权利；<span class=\"apple-converted-space\"><span lang=\"EN-US\">&nbsp;</span></span><span lang=\"EN-US\"><br /></span>（<span lang=\"EN-US\">2</span>）将内容的全部或部分编入其他任何形式的作品、媒体、技术中的权利；<span class=\"apple-converted-space\"><span lang=\"EN-US\">&nbsp;</span></span><span lang=\"EN-US\"><br /></span>（<span lang=\"EN-US\">3</span>）对用户的上传、发布的内容进行商业开发的权利；<span class=\"apple-converted-space\"><span lang=\"EN-US\">&nbsp;</span></span><span lang=\"EN-US\"><br /></span>（<span lang=\"EN-US\">4</span>）通过有线或无线网络向用户的计算机终端、移动通讯终端（包括但不限于便携式通讯设备如手机和智能平板电脑等）、手持数字影音播放设备、电视接收设备等提供信息的下载、点播、数据传输、移动视频业务、及其相关的宣传和推广等服务的权利；<span class=\"apple-converted-space\"><span lang=\"EN-US\">&nbsp;</span></span><span lang=\"EN-US\"><br /></span>（<span lang=\"EN-US\">5</span>）以及在先告知并征求用户的明示同意的情况下，将相关上传的内容再授权给其他第三方以上述方式使用的权利。</span></p>\r\n<p style=\"margin: 0cm 0cm 11.25pt; font-size: 12pt; font-family: 宋体; color: #000000; font-weight: 400; letter-spacing: normal; text-align: justify; line-height: 14.25pt; background-image: initial; background-position: initial; background-size: initial; background-repeat: initial; background-attachment: initial; background-origin: initial; background-clip: initial; caret-color: #242529; -webkit-tap-highlight-color: rgba(26, 26, 26, 0.3); text-size-adjust: auto;\"><span lang=\"EN-US\" style=\"font-size: 9pt; font-family: \'PingFang SC\', sans-serif; color: #242529; letter-spacing: -0.2pt;\">5.</span><span style=\"font-size: 9pt; font-family: \'PingFang SC\', sans-serif; color: #242529; letter-spacing: -0.2pt;\">　我方在此郑重提请用户注意，任何经由<span style=\"letter-spacing: -0.266667px;\">lnksns</span>上载、公告、发送电子邮件或任何其它方式传送的内容，无论系公开还是私下传送，均由内容提供者、上传者承担责任，我方不承担任何责任。当发生第三方对用户上传内容发生争议，或者因用户进行上述内容在<span style=\"letter-spacing: -0.266667px;\">lnksns</span>的上载、传播而导致任何第三方提出索赔要求或衍生的任何损害或损失的，由用户承担全部责任。我方有权向第三方披露用户的联系方式，用户应自行与第三方协商解决。</span></p>\r\n<h3 style=\"margin: 0cm 0cm 11.25pt; text-align: justify; line-height: 36.6933px; break-after: avoid; font-size: 16pt; font-family: Calibri, sans-serif; background: white; caret-color: #242529; -webkit-tap-highlight-color: rgba(26, 26, 26, 0.3); text-size-adjust: auto;\"><span style=\"font-size: 10.5pt; line-height: 24.08px; font-family: \'PingFang SC\', sans-serif; color: #242529; letter-spacing: -0.25pt;\">五、第三方链接</span></h3>\r\n<p style=\"margin: 0cm 0cm 11.25pt; font-size: 12pt; font-family: 宋体; color: #000000; font-weight: 400; letter-spacing: normal; text-align: justify; line-height: 14.25pt; background-image: initial; background-position: initial; background-size: initial; background-repeat: initial; background-attachment: initial; background-origin: initial; background-clip: initial; caret-color: #242529; -webkit-tap-highlight-color: rgba(26, 26, 26, 0.3); text-size-adjust: auto;\"><span style=\"font-size: 9pt; font-family: \'PingFang SC\', sans-serif; color: #242529; letter-spacing: -0.2pt;\">为方便用户使用，我方可能会提供与第三方国际互联网网站或资源进行链接。除非另有声明，我方无法对第三方网站服务进行控制，无权审查前述网站对用户个人信息及上传内容的使用情况。除法律有明确规定外，用户因使用或依赖上述网站或资源所产生的损失或损害，我方不负担任何责任。我方建议用户在离开<span style=\"letter-spacing: -0.266667px;\">lnksns</span>访问其他网站或资源前仔细阅读该第三方的服务条款和隐私政策。</span></p>\r\n<h3 style=\"margin: 0cm 0cm 11.25pt; text-align: justify; line-height: 36.6933px; break-after: avoid; font-size: 16pt; font-family: Calibri, sans-serif; background: white; caret-color: #242529; -webkit-tap-highlight-color: rgba(26, 26, 26, 0.3); text-size-adjust: auto;\"><span style=\"font-size: 10.5pt; line-height: 24.08px; font-family: \'PingFang SC\', sans-serif; color: #242529; letter-spacing: -0.25pt;\">六、用户行为</span></h3>\r\n<p style=\"margin: 0cm 0cm 11.25pt; font-size: 12pt; font-family: 宋体; color: #000000; font-weight: 400; letter-spacing: normal; text-align: justify; line-height: 14.25pt; background-image: initial; background-position: initial; background-size: initial; background-repeat: initial; background-attachment: initial; background-origin: initial; background-clip: initial; caret-color: #242529; -webkit-tap-highlight-color: rgba(26, 26, 26, 0.3); text-size-adjust: auto;\"><span lang=\"EN-US\" style=\"font-size: 9pt; font-family: \'PingFang SC\', sans-serif; color: #242529; letter-spacing: -0.2pt;\">1.</span><span style=\"font-size: 9pt; font-family: \'PingFang SC\', sans-serif; color: #242529; letter-spacing: -0.2pt;\">　用户理解并保证在<span style=\"letter-spacing: -0.266667px;\">lnksns</span>上传、发布或传输的内容（包括帐户名称等信息）应当遵守宪法、法律和行政法规，坚持正确舆论导向，符合积极健康、向上向善的网络文化，自觉维护国家利益和公共利益。我方有权对用户上传、发布或传输的信息进行管理，发现法律、行政法规禁止发布或者传输的信息的，或含有以下内容的，我方将立即传输该信息，采取消除等处置措施，防止信息扩散，保存有关记录，并向有关主管部门报告：</span></p>\r\n<p style=\"margin: 0cm; font-size: 12pt; font-family: 宋体; color: #000000; font-weight: 400; letter-spacing: normal; text-align: justify; line-height: 14.25pt; background-image: initial; background-position: initial; background-size: initial; background-repeat: initial; background-attachment: initial; background-origin: initial; background-clip: initial; caret-color: #242529; -webkit-tap-highlight-color: rgba(26, 26, 26, 0.3); text-size-adjust: auto;\"><span style=\"font-size: 9pt; font-family: \'PingFang SC\', sans-serif; color: #242529; letter-spacing: -0.2pt;\">（<span lang=\"EN-US\">1</span>）反对宪法确定的基本原则的；<span class=\"apple-converted-space\"><span lang=\"EN-US\">&nbsp;</span></span><span lang=\"EN-US\"><br /></span>（<span lang=\"EN-US\">2</span>）危害国家统一、主权和领土完整的；　　<span class=\"apple-converted-space\"><span lang=\"EN-US\">&nbsp;</span></span><span lang=\"EN-US\"><br /></span>（<span lang=\"EN-US\">3</span>）泄露国家秘密、危害国家安全或者损害国家荣誉和利益的；　<span class=\"apple-converted-space\"><span lang=\"EN-US\">&nbsp;</span></span><span lang=\"EN-US\"><br /></span>（<span lang=\"EN-US\">4</span>）煽动民族仇恨、民族歧视，破坏民族团结，或者侵害民族风俗、习惯的；　　<span class=\"apple-converted-space\"><span lang=\"EN-US\">&nbsp;</span></span><span lang=\"EN-US\"><br /></span>（<span lang=\"EN-US\">5</span>）宣扬邪教、迷信的；　<span class=\"apple-converted-space\"><span lang=\"EN-US\">&nbsp;</span></span><span lang=\"EN-US\"><br /></span>（<span lang=\"EN-US\">6</span>）扰乱社会秩序，破坏社会稳定的；　<span class=\"apple-converted-space\"><span lang=\"EN-US\">&nbsp;</span></span><span lang=\"EN-US\"><br /></span>（<span lang=\"EN-US\">7</span>）诱导未成年人违法犯罪和渲染暴力、色情、赌博、恐怖活动的；　<span class=\"apple-converted-space\"><span lang=\"EN-US\">&nbsp;</span></span><span lang=\"EN-US\"><br /></span>（<span lang=\"EN-US\">8</span>）侮辱或者诽谤他人，侵害公民个人名誉、隐私、知识产权和其他合法权益的；　<span class=\"apple-converted-space\"><span lang=\"EN-US\">&nbsp;</span></span><span lang=\"EN-US\"><br /></span>（<span lang=\"EN-US\">9</span>）危害社会公德，损害民族优秀文化传统的；　　<span class=\"apple-converted-space\"><span lang=\"EN-US\">&nbsp;</span></span><span lang=\"EN-US\"><br /></span>（<span lang=\"EN-US\">10</span>）有关法律、行政法规和国家规定禁止的其他内容。</span></p>\r\n<p style=\"margin: 0cm 0cm 11.25pt; font-size: 12pt; font-family: 宋体; color: #000000; font-weight: 400; letter-spacing: normal; text-align: justify; line-height: 14.25pt; background-image: initial; background-position: initial; background-size: initial; background-repeat: initial; background-attachment: initial; background-origin: initial; background-clip: initial; caret-color: #242529; -webkit-tap-highlight-color: rgba(26, 26, 26, 0.3); text-size-adjust: auto;\"><span style=\"font-size: 9pt; font-family: \'PingFang SC\', sans-serif; color: #242529; letter-spacing: -0.2pt;\">如果用户上传、发布或传输内容含有以上违反政策法律法规的信息或内容的，或者侵犯任何第三方的合法权益，用户应直接承担以上导致的一切不利后果。如因此给我方造成不利后果的，用户应负责消除影响，并且赔偿我方因此导致的一切损失，包括且不限于财产损害赔偿、名誉损害赔偿、律师费、交通费等因维权而产生的合理费用或其他所有平台要求的合理费用。</span></p>\r\n<p style=\"margin: 0cm 0cm 11.25pt; font-size: 12pt; font-family: 宋体; color: #000000; font-weight: 400; letter-spacing: normal; text-align: justify; line-height: 14.25pt; background-image: initial; background-position: initial; background-size: initial; background-repeat: initial; background-attachment: initial; background-origin: initial; background-clip: initial; caret-color: #242529; -webkit-tap-highlight-color: rgba(26, 26, 26, 0.3); text-size-adjust: auto;\"><span lang=\"EN-US\" style=\"font-size: 9pt; font-family: \'PingFang SC\', sans-serif; color: #242529; letter-spacing: -0.2pt;\">2.</span><span style=\"font-size: 9pt; font-family: \'PingFang SC\', sans-serif; color: #242529; letter-spacing: -0.2pt;\">　 用户理解并保证不在<span style=\"letter-spacing: -0.266667px;\">lnksns</span>进行下列的禁止的行为，也不允许任何人利用用户的帐户进行下列行为：<span class=\"apple-converted-space\"><span lang=\"EN-US\">&nbsp;</span></span></span></p>\r\n<p style=\"margin: 0cm; font-size: 12pt; font-family: 宋体; color: #000000; font-weight: 400; letter-spacing: normal; text-align: justify; line-height: 14.25pt; background-image: initial; background-position: initial; background-size: initial; background-repeat: initial; background-attachment: initial; background-origin: initial; background-clip: initial; caret-color: #242529; -webkit-tap-highlight-color: rgba(26, 26, 26, 0.3); text-size-adjust: auto;\"><span style=\"font-size: 9pt; font-family: \'PingFang SC\', sans-serif; color: #242529; letter-spacing: -0.2pt;\">（<span lang=\"EN-US\">1) </span>发送任何未获邀约或未经授权的垃圾电邮、广告或宣传资料，或任何其他商业通讯；<span class=\"apple-converted-space\"><span lang=\"EN-US\">&nbsp;</span></span><span lang=\"EN-US\"><br /></span>（<span lang=\"EN-US\">2) </span>未经我方明确许可，使用我方平台服务用于任何商业用途或为任何第三方的利益；<span class=\"apple-converted-space\"><span lang=\"EN-US\">&nbsp;</span></span><span lang=\"EN-US\"><br /></span>（<span lang=\"EN-US\">3) </span>使用或利用我方知识产权（包括我们的商标、品牌、标志、任何其他专有数据或任何网页的布局或设计），或以其他形式侵犯我方任何知识产权； 或使用<span style=\"letter-spacing: -0.266667px;\">lnksns</span>标识等使第三方误认为是<span style=\"letter-spacing: -0.266667px;\">lnksns</span>行为。<span class=\"apple-converted-space\"><span lang=\"EN-US\">&nbsp;</span></span><span lang=\"EN-US\"><br /></span>（<span lang=\"EN-US\">4) </span>通过使用任何自动化程序、软件、引擎、网络爬虫、网页分析工具、数据挖掘工具或类似工具，接入<span style=\"letter-spacing: -0.266667px;\">lnksns</span>服务，收集或处理通过<span style=\"letter-spacing: -0.266667px;\">lnksns</span>服务所提供的内容；<span class=\"apple-converted-space\"><span lang=\"EN-US\">&nbsp;</span></span><span lang=\"EN-US\"><br /></span>（<span lang=\"EN-US\">5) </span>故意散播病毒、网络蠕虫、木马病毒或其他恶意代码；<span class=\"apple-converted-space\"><span lang=\"EN-US\">&nbsp;</span></span><span lang=\"EN-US\"><br /></span>（<span lang=\"EN-US\">6) </span>攻击或者规避<span style=\"letter-spacing: -0.266667px;\">lnksns</span>服系统的任何安全功能；<span class=\"apple-converted-space\"><span lang=\"EN-US\">&nbsp;</span></span><span lang=\"EN-US\"><br /></span>（<span lang=\"EN-US\">7) </span>为破坏或滥用的目的开设多个帐户，或恶意上传重复的、无效的大容量数据和信息；<span class=\"apple-converted-space\"><span lang=\"EN-US\">&nbsp;</span></span><span lang=\"EN-US\"><br /></span>（<span lang=\"EN-US\">8) </span>利用网络从事侵害他人名誉、隐私、知识产权和其他合法权益等活动；<span class=\"apple-converted-space\"><span lang=\"EN-US\">&nbsp;</span></span><span lang=\"EN-US\"><br /></span>（<span lang=\"EN-US\">9) </span>违反任何相关的中国法律、法规、规章、条例等其他具有法律效力的规范；<span class=\"apple-converted-space\"><span lang=\"EN-US\">&nbsp;</span></span><span lang=\"EN-US\"><br /></span>（<span lang=\"EN-US\">10</span>）对<span style=\"letter-spacing: -0.266667px;\">lnksns</span>服务及相关功能进行修改、篡改、屏蔽或部分屏蔽广告；<span class=\"apple-converted-space\"><span lang=\"EN-US\">&nbsp;</span></span><span lang=\"EN-US\"><br /></span>（<span lang=\"EN-US\">11</span>）破坏<span style=\"letter-spacing: -0.266667px;\">lnksns</span>的版权技术保护措施，未经许可盗用<span style=\"letter-spacing: -0.266667px;\">lnksns</span>内容。</span></p>\r\n<p style=\"margin: 0cm 0cm 11.25pt; font-size: 12pt; font-family: 宋体; color: #000000; font-weight: 400; letter-spacing: normal; text-align: justify; line-height: 14.25pt; background-image: initial; background-position: initial; background-size: initial; background-repeat: initial; background-attachment: initial; background-origin: initial; background-clip: initial; caret-color: #242529; -webkit-tap-highlight-color: rgba(26, 26, 26, 0.3); text-size-adjust: auto;\"><span lang=\"EN-US\" style=\"font-size: 9pt; font-family: \'PingFang SC\', sans-serif; color: #242529; letter-spacing: -0.2pt;\">3. </span><span style=\"font-size: 9pt; font-family: \'PingFang SC\', sans-serif; color: #242529; letter-spacing: -0.2pt;\">除用户与我方另有约定外，用户同意<span style=\"letter-spacing: -0.266667px;\">lnksns</span>的服务仅供用户个人非商业性质的使用，用户不可对<span style=\"letter-spacing: -0.266667px;\">lnksns</span>服务的任何部分或服务之使用或获得进行复制、拷贝、出售，或利用<span style=\"letter-spacing: -0.266667px;\">lnksns</span>进行调查、广告或其他商业目的，但我方对特定服务另有适用指引或规定的除外。</span></p>\r\n<p style=\"margin: 0cm 0cm 11.25pt; font-size: 12pt; font-family: 宋体; color: #000000; font-weight: 400; letter-spacing: normal; text-align: justify; line-height: 14.25pt; background-image: initial; background-position: initial; background-size: initial; background-repeat: initial; background-attachment: initial; background-origin: initial; background-clip: initial; caret-color: #242529; -webkit-tap-highlight-color: rgba(26, 26, 26, 0.3); text-size-adjust: auto;\"><span lang=\"EN-US\" style=\"font-size: 9pt; font-family: \'PingFang SC\', sans-serif; color: #242529; letter-spacing: -0.2pt;\">4.</span><span style=\"font-size: 9pt; font-family: \'PingFang SC\', sans-serif; color: #242529; letter-spacing: -0.2pt;\">我方无法预先知晓并合理控制经由<span style=\"letter-spacing: -0.266667px;\">lnksns</span>传送之内容，亦无法准确判定内容上传者的真实身份。有鉴于此，用户已预知使用<span style=\"letter-spacing: -0.266667px;\">lnksns</span>时，可能会接触到令人不快、不适当或令人厌恶之内容，用户在此同意放弃由此而产生的针对我方的任何追索权。但我方有权依法停止传输任何前述内容并采取相应行动，包括但不限于暂停用户使用<span style=\"letter-spacing: -0.266667px;\">lnksns</span>的全部或部分功能，保存有关记录，并向有关机关报告。</span></p>\r\n<p style=\"margin: 0cm 0cm 11.25pt; font-size: 12pt; font-family: 宋体; color: #000000; font-weight: 400; letter-spacing: normal; text-align: justify; line-height: 14.25pt; background-image: initial; background-position: initial; background-size: initial; background-repeat: initial; background-attachment: initial; background-origin: initial; background-clip: initial; caret-color: #242529; -webkit-tap-highlight-color: rgba(26, 26, 26, 0.3); text-size-adjust: auto;\"><span lang=\"EN-US\" style=\"font-size: 9pt; font-family: \'PingFang SC\', sans-serif; color: #242529; letter-spacing: -0.2pt;\">5.</span><span style=\"font-size: 9pt; font-family: \'PingFang SC\', sans-serif; color: #242529; letter-spacing: -0.2pt;\">用户需独立对自己在<span style=\"letter-spacing: -0.266667px;\">lnksns</span>上实施的行为承担法律责任。若用户使用<span style=\"letter-spacing: -0.266667px;\">lnksns</span>服务的行为不符合本协议，我方有权做出独立判断，且在无需事先通知的情况下立即取消用户的帐号。用户若在<span style=\"letter-spacing: -0.266667px;\">lnksns</span>上散布和传播反动、色情或其他违反国家法律的信息，<span style=\"letter-spacing: -0.266667px;\">lnksns</span>的系统记录有可能作为用户违反法律的证据。</span></p>\r\n<p style=\"margin: 0cm 0cm 11.25pt; font-size: 12pt; font-family: 宋体; color: #000000; font-weight: 400; letter-spacing: normal; text-align: justify; line-height: 14.25pt; background-image: initial; background-position: initial; background-size: initial; background-repeat: initial; background-attachment: initial; background-origin: initial; background-clip: initial; caret-color: #242529; -webkit-tap-highlight-color: rgba(26, 26, 26, 0.3); text-size-adjust: auto;\"><span lang=\"EN-US\" style=\"font-size: 9pt; font-family: \'PingFang SC\', sans-serif; color: #242529; letter-spacing: -0.2pt;\">6. </span><span style=\"font-size: 9pt; font-family: \'PingFang SC\', sans-serif; color: #242529; letter-spacing: -0.2pt;\">对于上传不良信息或者侵权信息等违反<span style=\"letter-spacing: -0.266667px;\">lnksns</span>社区治理相关规则的用户，<span style=\"letter-spacing: -0.266667px;\">lnksns</span>有权视情节严重程度对您采取警告、封号等惩罚措施。</span></p>\r\n<p style=\"margin: 0cm 0cm 11.25pt; font-size: 12pt; font-family: 宋体; color: #000000; font-weight: 400; letter-spacing: normal; text-align: justify; line-height: 14.25pt; background-image: initial; background-position: initial; background-size: initial; background-repeat: initial; background-attachment: initial; background-origin: initial; background-clip: initial; caret-color: #242529; -webkit-tap-highlight-color: rgba(26, 26, 26, 0.3); text-size-adjust: auto;\"><span lang=\"EN-US\" style=\"font-size: 9pt; font-family: \'PingFang SC\', sans-serif; color: #242529; letter-spacing: -0.2pt;\">7.</span><span style=\"font-size: 9pt; font-family: \'PingFang SC\', sans-serif; color: #242529; letter-spacing: -0.2pt;\">在法律法规允许的范围内，用户同意并授权微博运营方就侵犯用户合法权益的行为（包括但不限于私自复制、使用、编辑、抄袭等行为）采取任何形式的法律行动，包括但不限于投诉、诉讼等必要的维权措施。</span></p>\r\n<h3 style=\"margin: 0cm 0cm 11.25pt; text-align: justify; line-height: 36.6933px; break-after: avoid; font-size: 16pt; font-family: Calibri, sans-serif; background: white; caret-color: #242529; -webkit-tap-highlight-color: rgba(26, 26, 26, 0.3); text-size-adjust: auto;\"><span style=\"font-size: 10.5pt; line-height: 24.08px; font-family: \'PingFang SC\', sans-serif; color: #242529; letter-spacing: -0.25pt;\">七、隐私权政策</span></h3>\r\n<p style=\"margin: 0cm 0cm 11.25pt; font-size: 12pt; font-family: 宋体; color: #000000; font-weight: 400; letter-spacing: normal; text-align: justify; line-height: 14.25pt; background-image: initial; background-position: initial; background-size: initial; background-repeat: initial; background-attachment: initial; background-origin: initial; background-clip: initial; caret-color: #242529; -webkit-tap-highlight-color: rgba(26, 26, 26, 0.3); text-size-adjust: auto;\"><span lang=\"EN-US\" style=\"font-size: 9pt; font-family: \'PingFang SC\', sans-serif; color: #242529; letter-spacing: -0.2pt;\">1. </span><span style=\"font-size: 9pt; font-family: \'PingFang SC\', sans-serif; color: #242529; letter-spacing: -0.2pt;\">我方非常重视用户个人信息的保护，根据有关法律法规要求，网络产品、服务具有收集用户信息功能的，其提供者应当向用户明示并取得同意。我方特此通过单独明示的《<span style=\"letter-spacing: -0.266667px;\">lnksns</span>隐私政策》明确向用户告知收集、使用用户个人信息的目的、方式和范围，查询、更正信息的渠道以及拒绝提供信息的后果。我方希望通过隐私政策向用户清楚地介绍我方对个人信息的处理方式，因此用户在使用我方提供的服务前，应当完整地阅读《<span style=\"letter-spacing: -0.266667px;\">lnksns</span>隐私政策》。</span></p>\r\n<p style=\"margin: 0cm 0cm 11.25pt; font-size: 12pt; font-family: 宋体; color: #000000; font-weight: 400; letter-spacing: normal; text-align: justify; line-height: 14.25pt; background-image: initial; background-position: initial; background-size: initial; background-repeat: initial; background-attachment: initial; background-origin: initial; background-clip: initial; caret-color: #242529; -webkit-tap-highlight-color: rgba(26, 26, 26, 0.3); text-size-adjust: auto;\"><span lang=\"EN-US\" style=\"font-size: 9pt; font-family: \'PingFang SC\', sans-serif; color: #242529; letter-spacing: -0.2pt;\">2. </span><span style=\"font-size: 9pt; font-family: \'PingFang SC\', sans-serif; color: #242529; letter-spacing: -0.2pt;\">如果用户不同意《<span style=\"letter-spacing: -0.266667px;\">lnksns</span>隐私政策》的任何内容，应立即停止使用<span style=\"letter-spacing: -0.266667px;\">lnksns</span>服务。当用户使用<span style=\"letter-spacing: -0.266667px;\">lnksns</span>提供的任一服务时，即表示其已同意我方按照《<span style=\"letter-spacing: -0.266667px;\">lnksns</span>隐私政策》来合法收集、使用和保护用户的个人信息。</span></p>\r\n<p style=\"margin: 0cm 0cm 11.25pt; font-size: 12pt; font-family: 宋体; color: #000000; font-weight: 400; letter-spacing: normal; text-align: justify; line-height: 14.25pt; background-image: initial; background-position: initial; background-size: initial; background-repeat: initial; background-attachment: initial; background-origin: initial; background-clip: initial; caret-color: #242529; -webkit-tap-highlight-color: rgba(26, 26, 26, 0.3); text-size-adjust: auto;\"><span lang=\"EN-US\" style=\"font-size: 9pt; font-family: \'PingFang SC\', sans-serif; color: #242529; letter-spacing: -0.2pt;\">3. </span><span style=\"font-size: 9pt; font-family: \'PingFang SC\', sans-serif; color: #242529; letter-spacing: -0.2pt;\">《<span style=\"letter-spacing: -0.266667px;\">lnksns</span>隐私政策》中所指个人信息是指以电子或者其他方式记录的能够单独或者与其他信息结合识别自然人个人身份的各种信息。</span></p>\r\n<p style=\"margin: 0cm 0cm 11.25pt; font-size: 12pt; font-family: 宋体; color: #000000; font-weight: 400; letter-spacing: normal; text-align: justify; line-height: 14.25pt; background-image: initial; background-position: initial; background-size: initial; background-repeat: initial; background-attachment: initial; background-origin: initial; background-clip: initial; caret-color: #242529; -webkit-tap-highlight-color: rgba(26, 26, 26, 0.3); text-size-adjust: auto;\"><span style=\"font-size: 9pt; font-family: \'PingFang SC\', sans-serif; color: #242529; letter-spacing: -0.2pt;\">当《<span style=\"letter-spacing: -0.266667px;\">lnksns</span>隐私政策》所载事项发生变化时，我方会及时更新，会通过系统提示、信息推送和／或用户在我方平台留下的联系方式向用户告知。</span></p>\r\n<p style=\"margin: 0cm 0cm 11.25pt; font-size: 12pt; font-family: 宋体; color: #000000; font-weight: 400; letter-spacing: normal; text-align: justify; line-height: 14.25pt; background-image: initial; background-position: initial; background-size: initial; background-repeat: initial; background-attachment: initial; background-origin: initial; background-clip: initial; caret-color: #242529; -webkit-tap-highlight-color: rgba(26, 26, 26, 0.3); text-size-adjust: auto;\"><span style=\"font-size: 9pt; font-family: \'PingFang SC\', sans-serif; color: #242529; letter-spacing: -0.2pt;\">如用户对<span style=\"letter-spacing: -0.266667px;\">lnksns</span>隐私政策有任何疑问或对用户个人信息保护有任何投诉，可以通过我方公布的联系方式<span lang=\"EN-US\">xcfeedback@xiaochuankeji.cn</span>与我方联系。</span></p>\r\n<h3 style=\"margin: 0cm 0cm 11.25pt; text-align: justify; line-height: 36.6933px; break-after: avoid; font-size: 16pt; font-family: Calibri, sans-serif; background: white; caret-color: #242529; -webkit-tap-highlight-color: rgba(26, 26, 26, 0.3); text-size-adjust: auto;\"><span style=\"font-size: 10.5pt; line-height: 24.08px; font-family: \'PingFang SC\', sans-serif; color: #242529; letter-spacing: -0.25pt;\">八、青少年用户特别提示</span></h3>\r\n<p style=\"margin: 0cm 0cm 11.25pt; font-size: 12pt; font-family: 宋体; color: #000000; font-weight: 400; letter-spacing: normal; text-align: justify; line-height: 14.25pt; background-image: initial; background-position: initial; background-size: initial; background-repeat: initial; background-attachment: initial; background-origin: initial; background-clip: initial; caret-color: #242529; -webkit-tap-highlight-color: rgba(26, 26, 26, 0.3); text-size-adjust: auto;\"><span style=\"font-size: 9pt; font-family: \'PingFang SC\', sans-serif; color: #242529; letter-spacing: -0.2pt;\"><span style=\"letter-spacing: -0.266667px;\">lnksns</span>非常重视未成年人的保护。<span style=\"letter-spacing: -0.266667px;\">lnksns</span>将依赖用户提供的个人信息判断用户是否为未成年人。若用户为未成年人的，应当在监护人监护、指导下阅读本协议，并在取得监护人的同意后使用<span style=\"letter-spacing: -0.266667px;\">lnksns</span>。使用<span style=\"letter-spacing: -0.266667px;\">lnksns</span>时，请打开&ldquo;青少年模式&rdquo;。</span></p>\r\n<p style=\"margin: 0cm 0cm 11.25pt; font-size: 12pt; font-family: 宋体; color: #000000; font-weight: 400; letter-spacing: normal; text-align: justify; line-height: 14.25pt; background-image: initial; background-position: initial; background-size: initial; background-repeat: initial; background-attachment: initial; background-origin: initial; background-clip: initial; caret-color: #242529; -webkit-tap-highlight-color: rgba(26, 26, 26, 0.3); text-size-adjust: auto;\"><span lang=\"EN-US\" style=\"font-size: 9pt; font-family: \'PingFang SC\', sans-serif; color: #242529; letter-spacing: -0.2pt;\">1. </span><span style=\"font-size: 9pt; font-family: \'PingFang SC\', sans-serif; color: #242529; letter-spacing: -0.2pt;\">如您未满<span lang=\"EN-US\">14</span>周岁，请勿注册使用<span style=\"letter-spacing: -0.266667px;\">lnksns</span>；如您未满<span lang=\"EN-US\">18</span>岁，请在监护人指导和监督下注册使用<span style=\"letter-spacing: -0.266667px;\">lnksns</span>。</span></p>\r\n<p style=\"margin: 0cm 0cm 11.25pt; font-size: 12pt; font-family: 宋体; color: #000000; font-weight: 400; letter-spacing: normal; text-align: justify; line-height: 14.25pt; background-image: initial; background-position: initial; background-size: initial; background-repeat: initial; background-attachment: initial; background-origin: initial; background-clip: initial; caret-color: #242529; -webkit-tap-highlight-color: rgba(26, 26, 26, 0.3); text-size-adjust: auto;\"><span lang=\"EN-US\" style=\"font-size: 9pt; font-family: \'PingFang SC\', sans-serif; color: #242529; letter-spacing: -0.2pt;\">2. </span><span style=\"font-size: 9pt; font-family: \'PingFang SC\', sans-serif; color: #242529; letter-spacing: -0.2pt;\">青少年用户在使用<span style=\"letter-spacing: -0.266667px;\">lnksns</span>服务时，要注意区分网络与现实的区别，避免沉迷于网络而影响了日常的学习生活。</span></p>\r\n<p style=\"margin: 0cm 0cm 11.25pt; font-size: 12pt; font-family: 宋体; color: #000000; font-weight: 400; letter-spacing: normal; text-align: justify; line-height: 14.25pt; background-image: initial; background-position: initial; background-size: initial; background-repeat: initial; background-attachment: initial; background-origin: initial; background-clip: initial; caret-color: #242529; -webkit-tap-highlight-color: rgba(26, 26, 26, 0.3); text-size-adjust: auto;\"><span lang=\"EN-US\" style=\"font-size: 9pt; font-family: \'PingFang SC\', sans-serif; color: #242529; letter-spacing: -0.2pt;\">3. </span><span style=\"font-size: 9pt; font-family: \'PingFang SC\', sans-serif; color: #242529; letter-spacing: -0.2pt;\">监护人应指导青少年注意网络安全问题，防患于未然；青少年用户应增强自我保护意思，避免陌生网友会面或参与联谊活动，以免为不法分子所乘，危及自身。</span></p>\r\n<p style=\"margin: 0cm 0cm 11.25pt; font-size: 12pt; font-family: 宋体; color: #000000; font-weight: 400; letter-spacing: normal; text-align: justify; line-height: 14.25pt; background-image: initial; background-position: initial; background-size: initial; background-repeat: initial; background-attachment: initial; background-origin: initial; background-clip: initial; caret-color: #242529; -webkit-tap-highlight-color: rgba(26, 26, 26, 0.3); text-size-adjust: auto;\"><span lang=\"EN-US\" style=\"font-size: 9pt; font-family: \'PingFang SC\', sans-serif; color: #242529; letter-spacing: -0.2pt;\">4. </span><span style=\"font-size: 9pt; font-family: \'PingFang SC\', sans-serif; color: #242529; letter-spacing: -0.2pt;\">青少年用户要维护网络安全，不破坏网络秩序，如有违法行为，我方保留配合公安和电信部门追查的权利。</span></p>\r\n<p style=\"margin: 0cm 0cm 11.25pt; font-size: 12pt; font-family: 宋体; color: #000000; font-weight: 400; letter-spacing: normal; text-align: justify; line-height: 14.25pt; background-image: initial; background-position: initial; background-size: initial; background-repeat: initial; background-attachment: initial; background-origin: initial; background-clip: initial; caret-color: #242529; -webkit-tap-highlight-color: rgba(26, 26, 26, 0.3); text-size-adjust: auto;\"><span lang=\"EN-US\" style=\"font-size: 9pt; font-family: \'PingFang SC\', sans-serif; color: #242529; letter-spacing: -0.2pt;\">5. </span><span style=\"font-size: 9pt; font-family: \'PingFang SC\', sans-serif; color: #242529; letter-spacing: -0.2pt;\">对于青少年用户的隐私保护，<span style=\"letter-spacing: -0.266667px;\">lnksns</span>将严格按照平台公布的《<span style=\"letter-spacing: -0.266667px;\">lnksns</span>隐私政策》中阐述予以执行。</span></p>\r\n<h3 style=\"margin: 0cm 0cm 11.25pt; text-align: justify; line-height: 36.6933px; break-after: avoid; font-size: 16pt; font-family: Calibri, sans-serif; background: white; caret-color: #242529; -webkit-tap-highlight-color: rgba(26, 26, 26, 0.3); text-size-adjust: auto;\"><span style=\"font-size: 10.5pt; line-height: 24.08px; font-family: \'PingFang SC\', sans-serif; color: #242529; letter-spacing: -0.25pt;\">九、出口与国际使用</span></h3>\r\n<p style=\"margin: 0cm 0cm 11.25pt; font-size: 12pt; font-family: 宋体; color: #000000; font-weight: 400; letter-spacing: normal; text-align: justify; line-height: 14.25pt; background-image: initial; background-position: initial; background-size: initial; background-repeat: initial; background-attachment: initial; background-origin: initial; background-clip: initial; caret-color: #242529; -webkit-tap-highlight-color: rgba(26, 26, 26, 0.3); text-size-adjust: auto;\"><span style=\"font-size: 9pt; font-family: \'PingFang SC\', sans-serif; color: #242529; letter-spacing: -0.2pt;\">我方通过中华人民共和国境内的设施提供和控制服务，我方不担保所提供或控制之服务在其他国家或地区是适当的、可行的，任何在其他司法管辖区使用<span style=\"letter-spacing: -0.266667px;\">lnksns</span>的用户应自行确保遵守当地的法律、法规，我方对此不负任何责任。</span></p>\r\n<h3 style=\"margin: 0cm 0cm 11.25pt; text-align: justify; line-height: 36.6933px; break-after: avoid; font-size: 16pt; font-family: Calibri, sans-serif; background: white; caret-color: #242529; -webkit-tap-highlight-color: rgba(26, 26, 26, 0.3); text-size-adjust: auto;\"><span style=\"font-size: 10.5pt; line-height: 24.08px; font-family: \'PingFang SC\', sans-serif; color: #242529; letter-spacing: -0.25pt;\">十、免责声明</span></h3>\r\n<p style=\"margin: 0cm 0cm 11.25pt; font-size: 12pt; font-family: 宋体; color: #000000; font-weight: 400; letter-spacing: normal; text-align: justify; line-height: 14.25pt; background-image: initial; background-position: initial; background-size: initial; background-repeat: initial; background-attachment: initial; background-origin: initial; background-clip: initial; caret-color: #242529; -webkit-tap-highlight-color: rgba(26, 26, 26, 0.3); text-size-adjust: auto;\"><span lang=\"EN-US\" style=\"font-size: 9pt; font-family: \'PingFang SC\', sans-serif; color: #242529; letter-spacing: -0.2pt;\">1. </span><span style=\"font-size: 9pt; font-family: \'PingFang SC\', sans-serif; color: #242529; letter-spacing: -0.2pt;\">为了改善用户体验、保证产品、服务的安全性及产品功能的一致性，我方可能会对产品进行升级或者更新，我方无法保证在此期间用户能正常使用<span style=\"letter-spacing: -0.266667px;\">lnksns</span>。</span></p>\r\n<p style=\"margin: 0cm 0cm 11.25pt; font-size: 12pt; font-family: 宋体; color: #000000; font-weight: 400; letter-spacing: normal; text-align: justify; line-height: 14.25pt; background-image: initial; background-position: initial; background-size: initial; background-repeat: initial; background-attachment: initial; background-origin: initial; background-clip: initial; caret-color: #242529; -webkit-tap-highlight-color: rgba(26, 26, 26, 0.3); text-size-adjust: auto;\"><span lang=\"EN-US\" style=\"font-size: 9pt; font-family: \'PingFang SC\', sans-serif; color: #242529; letter-spacing: -0.2pt;\">2. </span><span style=\"font-size: 9pt; font-family: \'PingFang SC\', sans-serif; color: #242529; letter-spacing: -0.2pt;\">我方负责<span lang=\"EN-US\">\"</span>按现状<span lang=\"EN-US\">\"</span>和<span lang=\"EN-US\">\"</span>可得到<span lang=\"EN-US\">\"</span>的状态向用户提供服务。我方依法律规定承担相应义务，但对由于信息网络设备维护、连接故障，电脑、通讯或其他系统的故障，黑客活动、计算机病毒、电力故障，罢工，暴乱，火灾，洪水，风暴，爆炸，战争，政府行为，司法行政机关的命令或因第三方原因而给用户造成的损害结果，我方不承担法律有明确规定之外的责任。</span></p>\r\n<p style=\"margin: 0cm 0cm 11.25pt; font-size: 12pt; font-family: 宋体; color: #000000; font-weight: 400; letter-spacing: normal; text-align: justify; line-height: 14.25pt; background-image: initial; background-position: initial; background-size: initial; background-repeat: initial; background-attachment: initial; background-origin: initial; background-clip: initial; caret-color: #242529; -webkit-tap-highlight-color: rgba(26, 26, 26, 0.3); text-size-adjust: auto;\"><span lang=\"EN-US\" style=\"font-size: 9pt; font-family: \'PingFang SC\', sans-serif; color: #242529; letter-spacing: -0.2pt;\">3. </span><span style=\"font-size: 9pt; font-family: \'PingFang SC\', sans-serif; color: #242529; letter-spacing: -0.2pt;\">我方提供的客户端下载可通过网络途径下载、传播，因此对于非<span style=\"letter-spacing: -0.266667px;\">lnksns</span>官方站点的下载，我方无法保证其是否感染病毒，是否隐藏有伪装的黑客软件，因此不承担用户因此遭受的一切直接或间接损失。</span></p>\r\n<p style=\"margin: 0cm 0cm 11.25pt; font-size: 12pt; font-family: 宋体; color: #000000; font-weight: 400; letter-spacing: normal; text-align: justify; line-height: 14.25pt; background-image: initial; background-position: initial; background-size: initial; background-repeat: initial; background-attachment: initial; background-origin: initial; background-clip: initial; caret-color: #242529; -webkit-tap-highlight-color: rgba(26, 26, 26, 0.3); text-size-adjust: auto;\"><span lang=\"EN-US\" style=\"font-size: 9pt; font-family: \'PingFang SC\', sans-serif; color: #242529; letter-spacing: -0.2pt;\">4. </span><span style=\"font-size: 9pt; font-family: \'PingFang SC\', sans-serif; color: #242529; letter-spacing: -0.2pt;\">我方会努力提升服务质量和服务水平，提升产品性能。但不对<span style=\"letter-spacing: -0.266667px;\">lnksns</span>的安全性、可靠性及其他性能提供担保。</span></p>\r\n<h3 style=\"margin: 0cm 0cm 11.25pt; text-align: justify; line-height: 36.6933px; break-after: avoid; font-size: 16pt; font-family: Calibri, sans-serif; background: white; caret-color: #242529; -webkit-tap-highlight-color: rgba(26, 26, 26, 0.3); text-size-adjust: auto;\"><span style=\"font-size: 10.5pt; line-height: 24.08px; font-family: \'PingFang SC\', sans-serif; color: #242529; letter-spacing: -0.25pt;\">十一、服务终止</span></h3>\r\n<p style=\"margin: 0cm 0cm 11.25pt; font-size: 12pt; font-family: 宋体; color: #000000; font-weight: 400; letter-spacing: normal; text-align: justify; line-height: 14.25pt; background-image: initial; background-position: initial; background-size: initial; background-repeat: initial; background-attachment: initial; background-origin: initial; background-clip: initial; caret-color: #242529; -webkit-tap-highlight-color: rgba(26, 26, 26, 0.3); text-size-adjust: auto;\"><span lang=\"EN-US\" style=\"font-size: 9pt; font-family: \'PingFang SC\', sans-serif; color: #242529; letter-spacing: -0.2pt;\">1.</span><span style=\"font-size: 9pt; font-family: \'PingFang SC\', sans-serif; color: #242529; letter-spacing: -0.2pt;\">　用户在<span style=\"letter-spacing: -0.266667px;\">lnksns</span>实施的行为对<span style=\"letter-spacing: -0.266667px;\">lnksns</span>及其用户产生影响，构成对本协议的违反的，我方可依据相应规则采取对用户的帐户执行限制、中止向用户提供部分或全部服务，扣划违约金等措施。如用户的行为构成根本违约的，我方可终止向用户提供服务。<span class=\"apple-converted-space\"><span lang=\"EN-US\">&nbsp;</span></span></span></p>\r\n<p style=\"margin: 0cm 0cm 11.25pt; font-size: 12pt; font-family: 宋体; color: #000000; font-weight: 400; letter-spacing: normal; text-align: justify; line-height: 14.25pt; background-image: initial; background-position: initial; background-size: initial; background-repeat: initial; background-attachment: initial; background-origin: initial; background-clip: initial; caret-color: #242529; -webkit-tap-highlight-color: rgba(26, 26, 26, 0.3); text-size-adjust: auto;\"><span lang=\"EN-US\" style=\"font-size: 9pt; font-family: \'PingFang SC\', sans-serif; color: #242529; letter-spacing: -0.2pt;\">2. </span><span style=\"font-size: 9pt; font-family: \'PingFang SC\', sans-serif; color: #242529; letter-spacing: -0.2pt;\">如果用户在<span style=\"letter-spacing: -0.266667px;\">lnksns</span>的行为违反相关的法律法规，我方可依法向相关主管机关报告并提交用户的使用记录和其他信息。</span></p>\r\n<p style=\"margin: 0cm 0cm 11.25pt; font-size: 12pt; font-family: 宋体; color: #000000; font-weight: 400; letter-spacing: normal; text-align: justify; line-height: 14.25pt; background-image: initial; background-position: initial; background-size: initial; background-repeat: initial; background-attachment: initial; background-origin: initial; background-clip: initial; caret-color: #242529; -webkit-tap-highlight-color: rgba(26, 26, 26, 0.3); text-size-adjust: auto;\"><span lang=\"EN-US\" style=\"font-size: 9pt; font-family: \'PingFang SC\', sans-serif; color: #242529; letter-spacing: -0.2pt;\">3. </span><span style=\"font-size: 9pt; font-family: \'PingFang SC\', sans-serif; color: #242529; letter-spacing: -0.2pt;\">用户同意若<span style=\"letter-spacing: -0.266667px;\">lnksns</span>的服务之使用被中断、终止或用户的帐号及相关信息和文件被关闭、删除，我方对用户或任何第三人均不承担任何责任。</span></p>\r\n<p style=\"margin: 0cm 0cm 11.25pt; font-size: 12pt; font-family: 宋体; color: #000000; font-weight: 400; letter-spacing: normal; text-align: justify; line-height: 14.25pt; background-image: initial; background-position: initial; background-size: initial; background-repeat: initial; background-attachment: initial; background-origin: initial; background-clip: initial; caret-color: #242529; -webkit-tap-highlight-color: rgba(26, 26, 26, 0.3); text-size-adjust: auto;\"><span lang=\"EN-US\" style=\"font-size: 9pt; font-family: \'PingFang SC\', sans-serif; color: #242529; letter-spacing: -0.2pt;\">4. </span><span style=\"font-size: 9pt; font-family: \'PingFang SC\', sans-serif; color: #242529; letter-spacing: -0.2pt;\">如用户的行为使我方及<span lang=\"EN-US\">/</span>或其关联公司遭受损失（包括自身的直接经济损失、商誉损失及对外支付的赔偿金、和解款、律师费、诉讼费等间接经济损失），用户应赔偿我方及<span lang=\"EN-US\">/</span>或其关联公司的上述全部损失。<span class=\"apple-converted-space\"><span lang=\"EN-US\">&nbsp;</span></span></span></p>\r\n<p style=\"margin: 0cm 0cm 11.25pt; font-size: 12pt; font-family: 宋体; color: #000000; font-weight: 400; letter-spacing: normal; text-align: justify; line-height: 14.25pt; background-image: initial; background-position: initial; background-size: initial; background-repeat: initial; background-attachment: initial; background-origin: initial; background-clip: initial; caret-color: #242529; -webkit-tap-highlight-color: rgba(26, 26, 26, 0.3); text-size-adjust: auto;\"><span lang=\"EN-US\" style=\"font-size: 9pt; font-family: \'PingFang SC\', sans-serif; color: #242529; letter-spacing: -0.2pt;\">5. </span><span style=\"font-size: 9pt; font-family: \'PingFang SC\', sans-serif; color: #242529; letter-spacing: -0.2pt;\">如用户的行为使我方及<span lang=\"EN-US\">/</span>或其关联公司遭受第三人主张权利，我方及<span lang=\"EN-US\">/</span>或其关联公司可在对第三人承担金钱给付等义务后就全部损失向用户追偿。</span></p>\r\n<h3 style=\"margin: 0cm 0cm 11.25pt; text-align: justify; line-height: 36.6933px; break-after: avoid; font-size: 16pt; font-family: Calibri, sans-serif; background: white; caret-color: #242529; -webkit-tap-highlight-color: rgba(26, 26, 26, 0.3); text-size-adjust: auto;\"><span style=\"font-size: 10.5pt; line-height: 24.08px; font-family: \'PingFang SC\', sans-serif; color: #242529; letter-spacing: -0.25pt;\">十二、法律适用和管辖</span></h3>\r\n<p style=\"margin: 0cm 0cm 11.25pt; font-size: 12pt; font-family: 宋体; color: #000000; font-weight: 400; letter-spacing: normal; text-align: justify; line-height: 14.25pt; background-image: initial; background-position: initial; background-size: initial; background-repeat: initial; background-attachment: initial; background-origin: initial; background-clip: initial; caret-color: #242529; -webkit-tap-highlight-color: rgba(26, 26, 26, 0.3); text-size-adjust: auto;\"><span lang=\"EN-US\" style=\"font-size: 9pt; font-family: \'PingFang SC\', sans-serif; color: #242529; letter-spacing: -0.2pt;\">1.</span><span style=\"font-size: 9pt; font-family: \'PingFang SC\', sans-serif; color: #242529; letter-spacing: -0.2pt;\">　本协议的生效、履行、解释及争议的解决均适用中华人民共和国法律。</span></p>\r\n<p style=\"margin: 0cm 0cm 11.25pt; font-size: 12pt; font-family: 宋体; color: #000000; font-weight: 400; letter-spacing: normal; text-align: justify; line-height: 14.25pt; background-image: initial; background-position: initial; background-size: initial; background-repeat: initial; background-attachment: initial; background-origin: initial; background-clip: initial; caret-color: #242529; -webkit-tap-highlight-color: rgba(26, 26, 26, 0.3); text-size-adjust: auto;\"><span lang=\"EN-US\" style=\"font-size: 9pt; font-family: \'PingFang SC\', sans-serif; color: #242529; letter-spacing: -0.2pt;\">2.</span><span style=\"font-size: 9pt; font-family: \'PingFang SC\', sans-serif; color: #242529; letter-spacing: -0.2pt;\">　如就本协议内容或其执行发生任何争议，应尽量友好协商解决；协商不成时，则争议各方均可向北京市海淀区人民法院提起诉讼。</span></p>\r\n<p style=\"margin: 0cm 0cm 11.25pt; font-size: 12pt; font-family: 宋体; color: #000000; font-weight: 400; letter-spacing: normal; text-align: justify; line-height: 14.25pt; background-image: initial; background-position: initial; background-size: initial; background-repeat: initial; background-attachment: initial; background-origin: initial; background-clip: initial; caret-color: #242529; -webkit-tap-highlight-color: rgba(26, 26, 26, 0.3); text-size-adjust: auto;\"><span lang=\"EN-US\" style=\"font-size: 9pt; font-family: \'PingFang SC\', sans-serif; color: #242529; letter-spacing: -0.2pt;\">3. </span><span style=\"font-size: 9pt; font-family: \'PingFang SC\', sans-serif; color: #242529; letter-spacing: -0.2pt;\">本协议任一条款被视为废止、无效或不可执行，该条应视为可分的且并不影响本协议其余条款的有效性及可执行性。</span></p>', 1, 0, 1692526398, NULL);
INSERT INTO `__PREFIX__free_clause` VALUES (3, '隐私政策', '<h1 style=\"margin: 0cm; text-align: center; line-height: 70.4px; break-after: avoid; font-size: 22pt; font-family: Calibri, sans-serif; background: white;\" align=\"center\"><span style=\"font-family: PingFangSC-Regular, sans-serif; color: #343a40; letter-spacing: 0.4pt;\">lnksns隐私政策</span></h1>\r\n<h4 style=\"margin: 0px; padding: 0px; box-sizing: border-box; font-family: PingFangSC-Regular, \'Microsoft YaHei\', \'\\微软雅黑\', Tahoma, Helvetica, sans-serif; color: #343a40; font-size: 12px; letter-spacing: 0.5px; background-color: #ffffff; text-align: center;\" align=\"center\" data-v-2daed986=\"\" data-spm-anchor-id=\"a214ky.13184207.0.i2.79b12437WzQ4lN\"><span style=\"font-size: 9pt; line-height: 18.72px; font-family: PingFangSC-Regular, sans-serif; color: #343a40; letter-spacing: 0.4pt;\">最新版本生效日期：<span lang=\"EN-US\">2021</span>年<span lang=\"EN-US\">04</span>月<span lang=\"EN-US\">28</span>日</span></h4>\r\n<h3 style=\"margin: 0cm 0cm 11.25pt; text-align: justify; line-height: 36.6933px; break-after: avoid; font-size: 16pt; font-family: Calibri, sans-serif;\"><span style=\"font-size: 10.5pt; line-height: 24.08px; font-family: 宋体; color: #242529; letter-spacing: -0.25pt;\">提示条款</span></h3>\r\n<p style=\"margin: 0cm 0cm 11.25pt; font-size: 12pt; font-family: 宋体; line-height: 14.25pt; -webkit-tap-highlight-color: rgba(0, 0, 0, 0); text-size-adjust: 100%;\"><span style=\"font-size: 9pt; color: #242529; letter-spacing: -0.2pt;\"><span style=\"font-family: \'PingFang SC\', sans-serif; letter-spacing: -0.266667px; text-align: justify; caret-color: #242529;\">lnksns</span>是由深圳科技有限公司（下称</span><span lang=\"EN-US\" style=\"font-size: 9pt; font-family: \'Segoe UI\', sans-serif; color: #242529; letter-spacing: -0.2pt;\">&ldquo;</span><span style=\"font-size: 9pt; color: #242529; letter-spacing: -0.2pt;\">我们</span><span lang=\"EN-US\" style=\"font-size: 9pt; font-family: \'Segoe UI\', sans-serif; color: #242529; letter-spacing: -0.2pt;\">/</span><span style=\"font-size: 9pt; color: #242529; letter-spacing: -0.2pt;\">我方</span><span lang=\"EN-US\" style=\"font-size: 9pt; font-family: \'Segoe UI\', sans-serif; color: #242529; letter-spacing: -0.2pt;\">&rdquo;</span><span style=\"font-size: 9pt; color: #242529; letter-spacing: -0.2pt;\">）提供服务的产品。我们深知个人信息对您的重要性，我们将按法律法规要求，采取相应的安全保护措施，尽力保护您的个人信息安全可控。鉴此，我们制定本《<span style=\"font-family: \'PingFang SC\', sans-serif; letter-spacing: -0.266667px; text-align: justify; caret-color: #242529;\">lnksns</span>隐私政策》（下称</span><span lang=\"EN-US\" style=\"font-size: 9pt; font-family: \'Segoe UI\', sans-serif; color: #242529; letter-spacing: -0.2pt;\">&ldquo;</span><span style=\"font-size: 9pt; color: #242529; letter-spacing: -0.2pt;\">本政策</span><span lang=\"EN-US\" style=\"font-size: 9pt; font-family: \'Segoe UI\', sans-serif; color: #242529; letter-spacing: -0.2pt;\">/</span><span style=\"font-size: 9pt; color: #242529; letter-spacing: -0.2pt;\">本隐私政策</span><span lang=\"EN-US\" style=\"font-size: 9pt; font-family: \'Segoe UI\', sans-serif; color: #242529; letter-spacing: -0.2pt;\">&rdquo;</span><span style=\"font-size: 9pt; color: #242529; letter-spacing: -0.2pt;\">），并提醒您：</span></p>\r\n<p style=\"margin: 0cm 0cm 11.25pt; font-size: 12pt; font-family: 宋体; line-height: 14.25pt; -webkit-tap-highlight-color: rgba(0, 0, 0, 0); text-size-adjust: 100%;\"><span lang=\"EN-US\" style=\"font-size: 9pt; font-family: \'Segoe UI\', sans-serif; color: #242529; letter-spacing: -0.2pt;\">1. </span><span style=\"font-size: 9pt; color: #242529; letter-spacing: -0.2pt;\">在您使用<span style=\"font-family: \'PingFang SC\', sans-serif; letter-spacing: -0.266667px; text-align: justify; caret-color: #242529;\">lnksns</span>服务时，<u style=\"-webkit-tap-highlight-color: transparent;\">请您勾选确认同意本政策，在您同意前我们不会收集您的任何隐私信息。</u>您同意<u style=\"-webkit-tap-highlight-color: transparent;\">本政策并使用<span style=\"font-family: \'PingFang SC\', sans-serif; letter-spacing: -0.266667px; text-align: justify; caret-color: #242529;\">lnksns</span>的，</u>我方<u style=\"-webkit-tap-highlight-color: transparent;\">将</u>按照本政策收集、存储、使用、披露和保护您的个人信息。我方希望通过本政策清楚地向您介绍对您个人信息的处理方式。</span></p>\r\n<p style=\"margin: 0cm 0cm 11.25pt; font-size: 12pt; font-family: 宋体; line-height: 14.25pt; -webkit-tap-highlight-color: rgba(0, 0, 0, 0); text-size-adjust: 100%;\"><u style=\"-webkit-tap-highlight-color: transparent;\"><span lang=\"EN-US\" style=\"font-size: 9pt; font-family: \'Segoe UI\', sans-serif; color: #242529; letter-spacing: -0.2pt;\">2. </span></u><u><span style=\"font-size: 9pt; color: #242529; letter-spacing: -0.2pt;\">根据有关法律法规要求，网络产品、服务具有收集用户信息功能的，其提供者应当向用户明示并取得同意。我方特此通过本政策向您告知收集、使用用户个人信息的目的、方式和范围，查询、更正信息的渠道以及拒绝提供信息的影响。</span></u></p>\r\n<p style=\"margin: 0cm 0cm 11.25pt; font-size: 12pt; font-family: 宋体; line-height: 14.25pt; -webkit-tap-highlight-color: rgba(0, 0, 0, 0); text-size-adjust: 100%;\"><span lang=\"EN-US\" style=\"font-size: 9pt; font-family: \'Segoe UI\', sans-serif; color: #242529; letter-spacing: -0.2pt;\">3. </span><span style=\"font-size: 9pt; color: #242529; letter-spacing: -0.2pt;\">本政策不适用于其他第三方向您提供的服务，例如我方平台上的第三方依托我方平台向您提供服务时（如第三方支付渠道），您向第三方提供的个人信息不适用于本政策，除非法律有明确规定，我方对任何第三方使用由您提供的信息不承担任何责任。</span></p>\r\n<p style=\"margin: 0cm 0cm 11.25pt; font-size: 12pt; font-family: 宋体; line-height: 14.25pt; -webkit-tap-highlight-color: rgba(0, 0, 0, 0); text-size-adjust: 100%;\"><u style=\"-webkit-tap-highlight-color: transparent;\"><span lang=\"EN-US\" style=\"font-size: 9pt; font-family: \'Segoe UI\', sans-serif; color: #242529; letter-spacing: -0.2pt;\">4. </span></u><u><span style=\"font-size: 9pt; color: #242529; letter-spacing: -0.2pt;\">在使用lnksns</span></u><u><span style=\"font-size: 9pt; color: #242529; letter-spacing: -0.2pt;\">各项产品或服务前，请您务必仔细阅读并理解本政策，在确认充分理解并同意后使用相关产品或服务。当您使用lnksns</span></u><u><span style=\"font-size: 9pt; color: #242529; letter-spacing: -0.2pt;\">提供的任一服务时，即表示您已同意我们按照本政策来合法收集、使用和保护您的个人信息。如对本政策内容有任何疑问、意见或建议，您可通过电子邮箱</span></u><u><span lang=\"EN-US\" style=\"font-size: 9pt; font-family: \'Segoe UI\', sans-serif; color: #242529; letter-spacing: -0.2pt;\">lnksns@lnksns.com</span></u><u><span style=\"font-size: 9pt; color: #242529; letter-spacing: -0.2pt;\">与我们联系。</span></u></p>\r\n<p style=\"margin: 0cm 0cm 11.25pt; font-size: 12pt; font-family: 宋体; line-height: 14.25pt; -webkit-tap-highlight-color: rgba(0, 0, 0, 0); text-size-adjust: 100%;\"><strong style=\"-webkit-tap-highlight-color: transparent;\"><span style=\"font-size: 9pt; color: #242529; letter-spacing: -0.2pt;\">本隐私政策部分将帮助您了解以下内容：</span></strong><span lang=\"EN-US\" style=\"font-size: 9pt; font-family: \'Segoe UI\', sans-serif; color: #242529; letter-spacing: -0.2pt;\"><br style=\"-webkit-tap-highlight-color: transparent;\" /></span><span style=\"font-size: 9pt; color: #242529; letter-spacing: -0.2pt;\">一、我们如何收集您的信息</span><span lang=\"EN-US\" style=\"font-size: 9pt; font-family: \'Segoe UI\', sans-serif; color: #242529; letter-spacing: -0.2pt;\"><br style=\"-webkit-tap-highlight-color: transparent;\" /></span><span style=\"font-size: 9pt; color: #242529; letter-spacing: -0.2pt;\">二、我们如何使用信息</span><span lang=\"EN-US\" style=\"font-size: 9pt; font-family: \'Segoe UI\', sans-serif; color: #242529; letter-spacing: -0.2pt;\"><br style=\"-webkit-tap-highlight-color: transparent;\" /></span><span style=\"font-size: 9pt; color: #242529; letter-spacing: -0.2pt;\">三、您发布的共享信息或公开信息</span><span lang=\"EN-US\" style=\"font-size: 9pt; font-family: \'Segoe UI\', sans-serif; color: #242529; letter-spacing: -0.2pt;\"><br style=\"-webkit-tap-highlight-color: transparent;\" /></span><span style=\"font-size: 9pt; color: #242529; letter-spacing: -0.2pt;\">四、我们如何共享、转让、披露信息</span><span lang=\"EN-US\" style=\"font-size: 9pt; font-family: \'Segoe UI\', sans-serif; color: #242529; letter-spacing: -0.2pt;\"><br style=\"-webkit-tap-highlight-color: transparent;\" /></span><span style=\"font-size: 9pt; color: #242529; letter-spacing: -0.2pt;\">五、我们如何存储信息</span><span lang=\"EN-US\" style=\"font-size: 9pt; font-family: \'Segoe UI\', sans-serif; color: #242529; letter-spacing: -0.2pt;\"><br style=\"-webkit-tap-highlight-color: transparent;\" /></span><span style=\"font-size: 9pt; color: #242529; letter-spacing: -0.2pt;\">六、我们如何保护您的个人信息安全</span><span lang=\"EN-US\" style=\"font-size: 9pt; font-family: \'Segoe UI\', sans-serif; color: #242529; letter-spacing: -0.2pt;\"><br style=\"-webkit-tap-highlight-color: transparent;\" /></span><span style=\"font-size: 9pt; color: #242529; letter-spacing: -0.2pt;\">七、未成年人保护</span><span lang=\"EN-US\" style=\"font-size: 9pt; font-family: \'Segoe UI\', sans-serif; color: #242529; letter-spacing: -0.2pt;\"><br style=\"-webkit-tap-highlight-color: transparent;\" /></span><span style=\"font-size: 9pt; color: #242529; letter-spacing: -0.2pt;\">八、您如何管理自己的信息</span><span lang=\"EN-US\" style=\"font-size: 9pt; font-family: \'Segoe UI\', sans-serif; color: #242529; letter-spacing: -0.2pt;\"><br style=\"-webkit-tap-highlight-color: transparent;\" /></span><span style=\"font-size: 9pt; color: #242529; letter-spacing: -0.2pt;\">九、您的个人信息如何在全球范围转移</span><span lang=\"EN-US\" style=\"font-size: 9pt; font-family: \'Segoe UI\', sans-serif; color: #242529; letter-spacing: -0.2pt;\"><br style=\"-webkit-tap-highlight-color: transparent;\" /></span><span style=\"font-size: 9pt; color: #242529; letter-spacing: -0.2pt;\">十、本隐私政策的修订和更新</span><span lang=\"EN-US\" style=\"font-size: 9pt; font-family: \'Segoe UI\', sans-serif; color: #242529; letter-spacing: -0.2pt;\"><br style=\"-webkit-tap-highlight-color: transparent;\" /></span><span style=\"font-size: 9pt; color: #242529; letter-spacing: -0.2pt;\">十一、如何联系我们</span></p>\r\n<h3 style=\"margin: 0cm 0cm 11.25pt; line-height: 36.6933px; break-after: avoid; font-size: 16pt; font-family: Calibri, sans-serif; -webkit-tap-highlight-color: rgba(0, 0, 0, 0); text-size-adjust: 100%;\"><span style=\"font-size: 10.5pt; line-height: 24.08px; font-family: 宋体; color: #242529; letter-spacing: -0.25pt;\">一、我们如何收集您的信息</span></h3>\r\n<p style=\"margin: 0cm 0cm 11.25pt; font-size: 12pt; font-family: 宋体; line-height: 14.25pt; -webkit-tap-highlight-color: rgba(0, 0, 0, 0); text-size-adjust: 100%;\"><span style=\"font-size: 9pt; color: #242529; letter-spacing: -0.2pt;\">为向您提供文字、图片及视听内容的展示或播放等服务，并提供更好、更优、更个性化的服务，我们将根据您使用的服务收集您的如下信息：</span></p>\r\n<p style=\"margin: 0cm 0cm 11.25pt; font-size: 12pt; font-family: 宋体; line-height: 14.25pt; -webkit-tap-highlight-color: rgba(0, 0, 0, 0); text-size-adjust: 100%;\"><strong style=\"-webkit-tap-highlight-color: transparent;\"><u style=\"-webkit-tap-highlight-color: transparent;\"><span style=\"font-size: 9pt; color: #242529; letter-spacing: -0.2pt;\">（一）收集方式为您向我们提供的信息</span></u></strong></p>\r\n<p style=\"margin: 0cm 0cm 11.25pt; font-size: 12pt; font-family: 宋体; line-height: 14.25pt; -webkit-tap-highlight-color: rgba(0, 0, 0, 0); text-size-adjust: 100%;\"><span style=\"font-size: 9pt; color: #242529; letter-spacing: -0.2pt;\">如果您下载<span style=\"font-family: \'PingFang SC\', sans-serif; letter-spacing: -0.266667px; text-align: justify; caret-color: #242529;\">lnksns</span>未注册的，您可以使用<span style=\"font-family: \'PingFang SC\', sans-serif; letter-spacing: -0.266667px; text-align: justify; caret-color: #242529;\">lnksns</span>浏览、搜索、下载资源、分享帖子、关注话题、功能，但您无法使用发帖、发评论、点赞、发送动态等注册用户可使用的功能。</span></p>\r\n<p style=\"margin: 0cm 0cm 11.25pt; font-size: 12pt; font-family: 宋体; line-height: 14.25pt; -webkit-tap-highlight-color: rgba(0, 0, 0, 0); text-size-adjust: 100%;\"><span style=\"font-size: 9pt; color: #242529; letter-spacing: -0.2pt;\">您可以通过本人微信授权的方式注册成为<span style=\"font-family: \'PingFang SC\', sans-serif; letter-spacing: -0.266667px; text-align: justify; caret-color: #242529;\">lnksns</span>用户，也可以通过本人手机号码注册成为<span style=\"font-family: \'PingFang SC\', sans-serif; letter-spacing: -0.266667px; text-align: justify; caret-color: #242529;\">lnksns</span>用户，<u style=\"-webkit-tap-highlight-color: transparent;\">或者经您授权通过本机号码一键登录</u>。注册过程中，根据您选择的注册方式，<span style=\"font-family: \'PingFang SC\', sans-serif; letter-spacing: -0.266667px; text-align: justify; caret-color: #242529;\">lnksns</span>可能收集您的</span><strong style=\"-webkit-tap-highlight-color: transparent;\"><u style=\"-webkit-tap-highlight-color: transparent;\"><span lang=\"EN-US\" style=\"font-size: 9pt; font-family: \'Segoe UI\', sans-serif; color: #242529; letter-spacing: -0.2pt;\">QQ/</span></u></strong><strong><u><span style=\"font-size: 9pt; color: #242529; letter-spacing: -0.2pt;\">微信用户名、头像、性别、年龄、手机号码</span></u></strong><span style=\"font-size: 9pt; color: #242529; letter-spacing: -0.2pt;\">等个人信息，注册成功后请妥善处理您的个人账户密码等信息。注册成为<span style=\"font-family: \'PingFang SC\', sans-serif; letter-spacing: -0.266667px; text-align: justify; caret-color: #242529;\">lnksns</span>用户的，可以使用<span style=\"font-family: \'PingFang SC\', sans-serif; letter-spacing: -0.266667px; text-align: justify; caret-color: #242529;\">lnksns</span>提供的关注、搜索、浏览、发布内容、评论、站内留言等功能。<u style=\"-webkit-tap-highlight-color: transparent;\">注册时，我们会通过弹窗提示您允许访问</u></span><u><span lang=\"EN-US\" style=\"font-size: 9pt; font-family: \'Segoe UI\', sans-serif; color: #242529; letter-spacing: -0.2pt;\">&ldquo;</span></u><u><span style=\"font-size: 9pt; color: #242529; letter-spacing: -0.2pt;\">设备上的照片、媒体内容和文件</span></u><u><span lang=\"EN-US\" style=\"font-size: 9pt; font-family: \'Segoe UI\', sans-serif; color: #242529; letter-spacing: -0.2pt;\">&rdquo;</span></u><u><span style=\"font-size: 9pt; color: #242529; letter-spacing: -0.2pt;\">及</span></u><u><span lang=\"EN-US\" style=\"font-size: 9pt; font-family: \'Segoe UI\', sans-serif; color: #242529; letter-spacing: -0.2pt;\">&ldquo;</span></u><u><span style=\"font-size: 9pt; color: #242529; letter-spacing: -0.2pt;\">设备信息</span></u><u><span lang=\"EN-US\" style=\"font-size: 9pt; font-family: \'Segoe UI\', sans-serif; color: #242529; letter-spacing: -0.2pt;\">&rdquo;</span></u><u><span style=\"font-size: 9pt; color: #242529; letter-spacing: -0.2pt;\">，如选择</span></u><u><span lang=\"EN-US\" style=\"font-size: 9pt; font-family: \'Segoe UI\', sans-serif; color: #242529; letter-spacing: -0.2pt;\">&ldquo;</span></u><u><span style=\"font-size: 9pt; color: #242529; letter-spacing: -0.2pt;\">禁止</span></u><u><span lang=\"EN-US\" style=\"font-size: 9pt; font-family: \'Segoe UI\', sans-serif; color: #242529; letter-spacing: -0.2pt;\">&rdquo;</span></u><u><span style=\"font-size: 9pt; color: #242529; letter-spacing: -0.2pt;\">的会影响您查看或下载lnksns的视频、图片等内容。注册后您可以编辑在平台中的个人资料，根据您编辑的内容，lnksns可能会收集您编辑的<strong style=\"-webkit-tap-highlight-color: transparent;\">昵称、头像、签名、性别、生日、学校、城市</strong>。</span></u></p>\r\n<p style=\"margin: 0cm 0cm 11.25pt; font-size: 12pt; font-family: 宋体; line-height: 14.25pt; -webkit-tap-highlight-color: rgba(0, 0, 0, 0); text-size-adjust: 100%;\"><span style=\"font-size: 9pt; color: #242529; letter-spacing: -0.2pt;\">注册用户使用<span style=\"font-family: \'PingFang SC\', sans-serif; letter-spacing: -0.266667px; text-align: justify; caret-color: #242529;\">lnksns</span><strong>下载</strong>内容的，需要您授权访问您的<strong style=\"-webkit-tap-highlight-color: transparent;\">存储<u style=\"-webkit-tap-highlight-color: transparent;\">信息（即需要您同意修改</u></strong></span><strong><u><span lang=\"EN-US\" style=\"font-size: 9pt; font-family: \'Segoe UI\', sans-serif; color: #242529; letter-spacing: -0.2pt;\">/</span></u></strong><strong><u><span style=\"font-size: 9pt; color: #242529; letter-spacing: -0.2pt;\">删除</span></u></strong><strong><u><span lang=\"EN-US\" style=\"font-size: 9pt; font-family: \'Segoe UI\', sans-serif; color: #242529; letter-spacing: -0.2pt;\">SD</span></u></strong><strong><u><span style=\"font-size: 9pt; color: #242529; letter-spacing: -0.2pt;\">卡内容、读外部存储权限）</span></u></strong><span style=\"font-size: 9pt; color: #242529; letter-spacing: -0.2pt;\">。如您尚未授权的，我们会通过弹窗的形式提示您给予授权，在获得您的授权后，您可以在<span style=\"font-family: \'PingFang SC\', sans-serif; letter-spacing: -0.266667px; text-align: justify; caret-color: #242529;\">lnksns</span>中下载视频、音频、图片、<u style=\"-webkit-tap-highlight-color: transparent;\">复制文字</u>等。如未授权的，您将无法使用相关功能。</span></p>\r\n<p style=\"margin: 0cm 0cm 11.25pt; font-size: 12pt; font-family: 宋体; line-height: 14.25pt; -webkit-tap-highlight-color: rgba(0, 0, 0, 0); text-size-adjust: 100%;\"><span style=\"font-size: 9pt; color: #242529; letter-spacing: -0.2pt;\">注册用户使用<span style=\"font-family: \'PingFang SC\', sans-serif; letter-spacing: -0.266667px; text-align: justify; caret-color: #242529;\">lnksns</span>发布语音帖、录制小视频、发送语音评论、发送语音私信，以及在直播中申请上麦等业务的，我们需要您授权开通<strong style=\"-webkit-tap-highlight-color: transparent;\">相机和录音器</strong>访问权限；使用<span style=\"font-family: \'PingFang SC\', sans-serif; letter-spacing: -0.266667px; text-align: justify; caret-color: #242529;\">lnksns</span>神配音功能的，我们需要您授权开通<strong style=\"-webkit-tap-highlight-color: transparent;\"><u style=\"-webkit-tap-highlight-color: transparent;\">录音</u></strong>访问权限。</span></p>\r\n<p style=\"margin: 0cm 0cm 11.25pt; font-size: 12pt; font-family: 宋体; line-height: 14.25pt; -webkit-tap-highlight-color: rgba(0, 0, 0, 0); text-size-adjust: 100%;\"><span style=\"font-size: 9pt; color: #242529; letter-spacing: -0.2pt;\">注册用户使用同城服务的，还需您开通个人<strong style=\"-webkit-tap-highlight-color: transparent;\">位置信息</strong>，开通后您可以获取同城的信息。</span></p>\r\n<p style=\"margin: 0cm 0cm 11.25pt; font-size: 12pt; font-family: 宋体; line-height: 14.25pt; -webkit-tap-highlight-color: rgba(0, 0, 0, 0); text-size-adjust: 100%;\"><span style=\"font-size: 9pt; color: #242529; letter-spacing: -0.2pt;\">所有注册用户根据在<span style=\"font-family: \'PingFang SC\', sans-serif; letter-spacing: -0.266667px; text-align: justify; caret-color: #242529;\">lnksns</span>平台注册时间、发帖及粉丝数等条件的不同，可以向我方申请获得<span style=\"font-family: \'PingFang SC\', sans-serif; letter-spacing: -0.266667px; text-align: justify; caret-color: #242529;\">lnksns</span>勋章。申请获得</span><span lang=\"EN-US\" style=\"font-size: 9pt; font-family: \'Segoe UI\', sans-serif; color: #242529; letter-spacing: -0.2pt;\">&ldquo;</span><span style=\"font-size: 9pt; color: #242529; letter-spacing: -0.2pt;\">达人认证</span><span lang=\"EN-US\" style=\"font-size: 9pt; font-family: \'Segoe UI\', sans-serif; color: #242529; letter-spacing: -0.2pt;\">&rdquo;&ldquo;</span><span style=\"font-size: 9pt; color: #242529; letter-spacing: -0.2pt;\">话题小管家</span><span lang=\"EN-US\" style=\"font-size: 9pt; font-family: \'Segoe UI\', sans-serif; color: #242529; letter-spacing: -0.2pt;\">&rdquo;</span><span style=\"font-size: 9pt; color: #242529; letter-spacing: -0.2pt;\">勋章和申请加入</span><span lang=\"EN-US\" style=\"font-size: 9pt; font-family: \'Segoe UI\', sans-serif; color: #242529; letter-spacing: -0.2pt;\">&ldquo;</span><span style=\"font-size: 9pt; color: #242529; letter-spacing: -0.2pt;\">审核护卫队</span><span lang=\"EN-US\" style=\"font-size: 9pt; font-family: \'Segoe UI\', sans-serif; color: #242529; letter-spacing: -0.2pt;\">&rdquo;</span><span style=\"font-size: 9pt; color: #242529; letter-spacing: -0.2pt;\">的，<span style=\"font-family: \'PingFang SC\', sans-serif; letter-spacing: -0.266667px; text-align: justify; caret-color: #242529;\">lnksns</span>需要您提供<strong style=\"-webkit-tap-highlight-color: transparent;\"><u style=\"-webkit-tap-highlight-color: transparent;\">手机号码</u></strong>进行认证；申请获得</span><span lang=\"EN-US\" style=\"font-size: 9pt; font-family: \'Segoe UI\', sans-serif; color: #242529; letter-spacing: -0.2pt;\">&ldquo;</span><span style=\"font-size: 9pt; color: #242529; letter-spacing: -0.2pt;\">原创认证</span><span lang=\"EN-US\" style=\"font-size: 9pt; font-family: \'Segoe UI\', sans-serif; color: #242529; letter-spacing: -0.2pt;\">&rdquo;</span><span style=\"font-size: 9pt; color: #242529; letter-spacing: -0.2pt;\">勋章的，<span style=\"font-family: \'PingFang SC\', sans-serif; letter-spacing: -0.266667px; text-align: justify; caret-color: #242529;\">lnksns</span>需要您提供您运营的<strong style=\"-webkit-tap-highlight-color: transparent;\"><u style=\"-webkit-tap-highlight-color: transparent;\">账户名称、微信号</u></strong>等个人信息。</span></p>\r\n<p style=\"margin: 0cm 0cm 11.25pt; font-size: 12pt; font-family: 宋体; line-height: 14.25pt; -webkit-tap-highlight-color: rgba(0, 0, 0, 0); text-size-adjust: 100%;\"><span style=\"font-size: 9pt; color: #242529; letter-spacing: -0.2pt;\"><span style=\"font-family: \'PingFang SC\', sans-serif; letter-spacing: -0.266667px; text-align: justify; caret-color: #242529;\">lnksns</span>会不定期向获得勋章用户发送奖品，或者通过抽奖活动向获奖用户发送奖品。该功能下，您需向<span style=\"font-family: \'PingFang SC\', sans-serif; letter-spacing: -0.266667px; text-align: justify; caret-color: #242529;\">lnksns</span>提供您的<strong style=\"-webkit-tap-highlight-color: transparent;\"><u style=\"-webkit-tap-highlight-color: transparent;\">姓名、联系电话和地址</u></strong>以便为您寄送奖品，否则无法获得奖品。</span></p>\r\n<p style=\"margin: 0cm 0cm 11.25pt; font-size: 12pt; font-family: 宋体; line-height: 14.25pt; -webkit-tap-highlight-color: rgba(0, 0, 0, 0); text-size-adjust: 100%;\"><strong style=\"-webkit-tap-highlight-color: transparent;\"><u style=\"-webkit-tap-highlight-color: transparent;\"><span style=\"font-size: 9pt; color: #242529; letter-spacing: -0.2pt;\">如您成为lnksns会员享受会员服务的，我方会根据您的授权收集成为lnksns会员的交易信息。</span></u></strong></p>\r\n<p style=\"margin: 0cm 0cm 11.25pt; font-size: 12pt; font-family: 宋体; line-height: 14.25pt; -webkit-tap-highlight-color: rgba(0, 0, 0, 0); text-size-adjust: 100%;\"><strong style=\"-webkit-tap-highlight-color: transparent;\"><u style=\"-webkit-tap-highlight-color: transparent;\"><span style=\"font-size: 9pt; color: #242529; letter-spacing: -0.2pt;\">（二）采集方式为在您使用服务过程中自动采集的信息</span></u></strong></p>\r\n<p style=\"margin: 0cm 0cm 11.25pt; font-size: 12pt; font-family: 宋体; line-height: 14.25pt; -webkit-tap-highlight-color: rgba(0, 0, 0, 0); text-size-adjust: 100%;\"><span style=\"font-size: 9pt; color: #242529; letter-spacing: -0.2pt;\">为了<strong style=\"-webkit-tap-highlight-color: transparent;\">提供并优化您需要的服务，提供个性化服务需要（第二条中具体描述）</strong>。我们会根据您在软件安装及使用中授予的具体权限，接收并记录的您的浏览器和计算机上、移动设备等上设备相关信息，这些信息包括：</span></p>\r\n<p style=\"margin: 0cm 0cm 11.25pt; font-size: 12pt; font-family: 宋体; line-height: 14.25pt; -webkit-tap-highlight-color: rgba(0, 0, 0, 0); text-size-adjust: 100%;\"><strong style=\"-webkit-tap-highlight-color: transparent;\"><span lang=\"EN-US\" style=\"font-size: 9pt; font-family: \'Segoe UI\', sans-serif; color: #242529; letter-spacing: -0.2pt;\">1.</span></strong><strong><span style=\"font-size: 9pt; color: #242529; letter-spacing: -0.2pt;\">浏览、搜索、播放内容功能，<u style=\"-webkit-tap-highlight-color: transparent;\">所收集的个人信息为设备基本信息（包括设备型号、操作系统类型及版本号、屏幕密度及分辨率、国际移动设备识别码（</u></span></strong><strong><u><span lang=\"EN-US\" style=\"font-size: 9pt; font-family: \'Segoe UI\', sans-serif; color: #242529; letter-spacing: -0.2pt;\">IMEI/IDFA</span></u></strong><strong><u><span style=\"font-size: 9pt; color: #242529; letter-spacing: -0.2pt;\">）、网络设备硬件地址（</span></u></strong><strong><u><span lang=\"EN-US\" style=\"font-size: 9pt; font-family: \'Segoe UI\', sans-serif; color: #242529; letter-spacing: -0.2pt;\">MAC</span></u></strong><strong><u><span style=\"font-size: 9pt; color: #242529; letter-spacing: -0.2pt;\">）。下同）、设备位置（包括通过</span></u></strong><strong><u><span lang=\"EN-US\" style=\"font-size: 9pt; font-family: \'Segoe UI\', sans-serif; color: #242529; letter-spacing: -0.2pt;\">gps</span></u></strong><strong><u><span style=\"font-size: 9pt; color: #242529; letter-spacing: -0.2pt;\">、</span></u></strong><strong><u><span lang=\"EN-US\" style=\"font-size: 9pt; font-family: \'Segoe UI\', sans-serif; color: #242529; letter-spacing: -0.2pt;\">wifi</span></u></strong><strong><u><span style=\"font-size: 9pt; color: #242529; letter-spacing: -0.2pt;\">信号接入点和基站传感器信息获得的位置信息）、</span></u></strong><span style=\"font-size: 9pt; color: #242529; letter-spacing: -0.2pt;\">日志信息<strong style=\"-webkit-tap-highlight-color: transparent;\">（包括您的搜索查询内容、浏览记录、播放记录、播放时长、</strong></span><strong><span lang=\"EN-US\" style=\"font-size: 9pt; font-family: \'Segoe UI\', sans-serif; color: #242529; letter-spacing: -0.2pt;\">IP</span></strong><strong><span style=\"font-size: 9pt; color: #242529; letter-spacing: -0.2pt;\">地址）<u style=\"-webkit-tap-highlight-color: transparent;\">设备安装列表、网络类型</u></span></strong><span style=\"font-size: 9pt; color: #242529; letter-spacing: -0.2pt;\">。从您的各种设备上收集到的信息之间的关联关系，以保持我们能在这些设备上为您提供一致的服务。<strong style=\"-webkit-tap-highlight-color: transparent;\">如上信息的收集，都为了在使用推荐技术为您提供更符合您喜好或者习惯的服务，<u style=\"-webkit-tap-highlight-color: transparent;\">以及提示您网络流量使用情况</u></strong></span></p>\r\n<p style=\"margin: 0cm 0cm 11.25pt; font-size: 12pt; font-family: 宋体; line-height: 14.25pt; -webkit-tap-highlight-color: rgba(0, 0, 0, 0); text-size-adjust: 100%;\"><strong style=\"-webkit-tap-highlight-color: transparent;\"><u style=\"-webkit-tap-highlight-color: transparent;\"><span style=\"font-size: 9pt; color: #242529; letter-spacing: -0.2pt;\">请注意，单独的设备信息、日志信息等是无法识别特定自然人身份的信息。</span></u></strong><span style=\"font-size: 9pt; color: #242529; letter-spacing: -0.2pt;\">如果我们将这类非个人信息与其他信息结合用于识别特定自然人身份，或者将其与个人信息结合使用，则在结合使用期间，这类非个人信息将被视为个人信息，除取得您授权或法律法规另有规定外，我们会将该类个人信息做匿名化、去标识化处理。</span></p>\r\n<p style=\"margin: 0cm 0cm 11.25pt; font-size: 12pt; font-family: 宋体; line-height: 14.25pt; -webkit-tap-highlight-color: rgba(0, 0, 0, 0); text-size-adjust: 100%;\"><span style=\"font-size: 9pt; color: #242529; letter-spacing: -0.2pt;\">上述信息为我方平台向您提供核心功能所必须。</span></p>\r\n<p style=\"margin: 0cm 0cm 11.25pt; font-size: 12pt; font-family: 宋体; line-height: 14.25pt; -webkit-tap-highlight-color: rgba(0, 0, 0, 0); text-size-adjust: 100%;\"><span lang=\"EN-US\" style=\"font-size: 9pt; font-family: \'Segoe UI\', sans-serif; color: #242529; letter-spacing: -0.2pt;\">2.</span><span style=\"font-size: 9pt; color: #242529; letter-spacing: -0.2pt;\">您在<span style=\"font-family: \'PingFang SC\', sans-serif; letter-spacing: -0.266667px; text-align: justify; caret-color: #242529;\">lnksns</span>上传图文、音频、视频的，您上传内容本身包含的信息，包括拍摄或上传的共享照片或录像的日期、时间和地点。该等信息为您在我方平台上传视频所必须，如您无需在我方平台上传视频可无需提供上述信息。</span></p>\r\n<p style=\"margin: 0cm 0cm 11.25pt; font-size: 12pt; font-family: 宋体; line-height: 14.25pt; -webkit-tap-highlight-color: rgba(0, 0, 0, 0); text-size-adjust: 100%;\"><span lang=\"EN-US\" style=\"font-size: 9pt; font-family: \'Segoe UI\', sans-serif; color: #242529; letter-spacing: -0.2pt;\">3.</span><span style=\"font-size: 9pt; color: #242529; letter-spacing: -0.2pt;\">您使用<span style=\"font-family: \'PingFang SC\', sans-serif; letter-spacing: -0.266667px; text-align: justify; caret-color: #242529;\">lnksns</span>的用户服务功能的，您提供的<strong style=\"-webkit-tap-highlight-color: transparent;\"><u style=\"-webkit-tap-highlight-color: transparent;\">联系方式及您与我方客服人员的沟通记录</u></strong>将会被我们收集，用于与您联系和帮助您解决问题，或记录相关问题的处理方案及结果。</span></p>\r\n<p style=\"margin: 0cm 0cm 11.25pt; font-size: 12pt; font-family: 宋体; line-height: 14.25pt; -webkit-tap-highlight-color: rgba(0, 0, 0, 0); text-size-adjust: 100%;\"><strong style=\"-webkit-tap-highlight-color: transparent;\"><u style=\"-webkit-tap-highlight-color: transparent;\"><span lang=\"EN-US\" style=\"font-size: 9pt; font-family: \'Segoe UI\', sans-serif; color: #242529; letter-spacing: -0.2pt;\">4.</span></u></strong><strong><u><span style=\"font-size: 9pt; color: #242529; letter-spacing: -0.2pt;\">当您使用我们的私信功能时，所有信息会经过我们的反垃圾系统进行过滤。涉及色情、广告、涉暴恐类的有害信息会被我们的反垃圾系统进行屏蔽。系统不会收集您的私信记录。</span></u></strong></p>\r\n<p style=\"margin: 0cm 0cm 11.25pt; font-size: 12pt; font-family: 宋体; line-height: 14.25pt; -webkit-tap-highlight-color: rgba(0, 0, 0, 0); text-size-adjust: 100%;\"><strong style=\"-webkit-tap-highlight-color: transparent;\"><u style=\"-webkit-tap-highlight-color: transparent;\"><span style=\"font-size: 9pt; color: #242529; letter-spacing: -0.2pt;\">（三）通过间接获得的方式收集的信息</span></u></strong></p>\r\n<p style=\"margin: 0cm 0cm 11.25pt; font-size: 12pt; font-family: 宋体; line-height: 14.25pt; -webkit-tap-highlight-color: rgba(0, 0, 0, 0); text-size-adjust: 100%;\"><span style=\"font-size: 9pt; color: #242529; letter-spacing: -0.2pt;\">您使用我方的关联方、我方合作伙伴的产品和服务，与我方产品服务之间交互的行为信息。</span></p>\r\n<p style=\"margin: 0cm 0cm 11.25pt; font-size: 12pt; font-family: 宋体; line-height: 14.25pt; -webkit-tap-highlight-color: rgba(0, 0, 0, 0); text-size-adjust: 100%;\"><span style=\"font-size: 9pt; color: #242529; letter-spacing: -0.2pt;\">为了给您提供更好、更优、更加个性化的服务，或共同为您提供服务，或为了预防互联网欺诈的目的，我方可能会通过与第三方合作或达成其他方式的合作，我们的关联方、合作伙伴会在合作的范围内，依据法律的规定及与您的约定的前提下，向我方分享或者我方向对方分享您的个人信息。</span></p>\r\n<p style=\"margin: 0cm 0cm 11.25pt; font-size: 12pt; font-family: 宋体; line-height: 14.25pt; -webkit-tap-highlight-color: rgba(0, 0, 0, 0); text-size-adjust: 100%;\"><span style=\"font-size: 9pt; color: #242529; letter-spacing: -0.2pt;\">当您通过我们产品或服务使用上述服务时，您授权我们根据实际业务及合作需要，从我们关联公司处接收、汇总、分析我们确认其来源合法或您授权同意其向我们提供的您的个人信息或交易信息。我们承诺，我们已对上述个人信息的来源的合法性进行了确认。</span></p>\r\n<p style=\"margin: 0cm 0cm 11.25pt; font-size: 12pt; font-family: 宋体; line-height: 14.25pt; -webkit-tap-highlight-color: rgba(0, 0, 0, 0); text-size-adjust: 100%;\"><strong style=\"-webkit-tap-highlight-color: transparent;\"><u style=\"-webkit-tap-highlight-color: transparent;\"><span style=\"font-size: 9pt; color: #242529; letter-spacing: -0.2pt;\">（四）使用</span></u></strong><strong><u><span lang=\"EN-US\" style=\"font-size: 9pt; font-family: \'Segoe UI\', sans-serif; color: #242529; letter-spacing: -0.2pt;\"> Cookie </span></u></strong><strong><u><span style=\"font-size: 9pt; color: #242529; letter-spacing: -0.2pt;\">等技术收集的信息</span></u></strong></p>\r\n<p style=\"margin: 0cm 0cm 11.25pt; font-size: 12pt; font-family: 宋体; line-height: 14.25pt; -webkit-tap-highlight-color: rgba(0, 0, 0, 0); text-size-adjust: 100%;\"><span lang=\"EN-US\" style=\"font-size: 9pt; font-family: \'Segoe UI\', sans-serif; color: #242529; letter-spacing: -0.2pt;\">Cookie</span><span style=\"font-size: 9pt; color: #242529; letter-spacing: -0.2pt;\">：为使您获得更轻松的访问体验，您访问我方平台网站或使用我方平台提供的服务时，我们可能会通过小型数据文件识别您的身份，以帮您省去重复输入注册信息的步骤，或者帮助判断您的账户安全。这些数据文件可能是</span><span lang=\"EN-US\" style=\"font-size: 9pt; font-family: \'Segoe UI\', sans-serif; color: #242529; letter-spacing: -0.2pt;\">Cookie</span><span style=\"font-size: 9pt; color: #242529; letter-spacing: -0.2pt;\">，</span><span lang=\"EN-US\" style=\"font-size: 9pt; font-family: \'Segoe UI\', sans-serif; color: #242529; letter-spacing: -0.2pt;\">Flash Cookie</span><span style=\"font-size: 9pt; color: #242529; letter-spacing: -0.2pt;\">，或您的浏览器或关联应用程序提供的其他本地存储（统称</span><span lang=\"EN-US\" style=\"font-size: 9pt; font-family: \'Segoe UI\', sans-serif; color: #242529; letter-spacing: -0.2pt;\">&ldquo;Cookie&rdquo;</span><span style=\"font-size: 9pt; color: #242529; letter-spacing: -0.2pt;\">）。</span></p>\r\n<p style=\"margin: 0cm 0cm 11.25pt; font-size: 12pt; font-family: 宋体; line-height: 14.25pt; -webkit-tap-highlight-color: rgba(0, 0, 0, 0); text-size-adjust: 100%;\"><span style=\"font-size: 9pt; color: #242529; letter-spacing: -0.2pt;\">请您理解，我们的某些服务只能通过使用</span><span lang=\"EN-US\" style=\"font-size: 9pt; font-family: \'Segoe UI\', sans-serif; color: #242529; letter-spacing: -0.2pt;\">&ldquo;Cookie&rdquo;</span><span style=\"font-size: 9pt; color: #242529; letter-spacing: -0.2pt;\">才可得到实现。如果您的浏览器或浏览器附加服务允许，<strong style=\"-webkit-tap-highlight-color: transparent;\"><u style=\"-webkit-tap-highlight-color: transparent;\">您可以修改对</u></strong></span><strong><u><span lang=\"EN-US\" style=\"font-size: 9pt; font-family: \'Segoe UI\', sans-serif; color: #242529; letter-spacing: -0.2pt;\">Cookie</span></u></strong><strong><u><span style=\"font-size: 9pt; color: #242529; letter-spacing: -0.2pt;\">的接受程度或者拒绝我方的</span></u></strong><strong><u><span lang=\"EN-US\" style=\"font-size: 9pt; font-family: \'Segoe UI\', sans-serif; color: #242529; letter-spacing: -0.2pt;\">Cookie</span></u></strong><strong><u><span style=\"font-size: 9pt; color: #242529; letter-spacing: -0.2pt;\">，但这一举动在某些情况下可能会影响您安全访问我方平台相关网站和使用我方平台提供的服务。</span></u></strong></p>\r\n<h3 style=\"margin: 0cm 0cm 11.25pt; line-height: 36.6933px; break-after: avoid; font-size: 16pt; font-family: Calibri, sans-serif; -webkit-tap-highlight-color: rgba(0, 0, 0, 0); text-size-adjust: 100%;\"><span style=\"font-size: 10.5pt; line-height: 24.08px; font-family: 宋体; color: #242529; letter-spacing: -0.25pt;\">二、我们如何使用信息</span></h3>\r\n<p style=\"margin: 0cm 0cm 11.25pt; font-size: 12pt; font-family: 宋体; line-height: 14.25pt; -webkit-tap-highlight-color: rgba(0, 0, 0, 0); text-size-adjust: 100%;\"><span style=\"font-size: 9pt; color: #242529; letter-spacing: -0.2pt;\">我们会出于本政策所述的以下目的，收集和使用您的个人信息：</span></p>\r\n<p style=\"margin: 0cm 0cm 11.25pt; font-size: 12pt; font-family: 宋体; line-height: 14.25pt; -webkit-tap-highlight-color: rgba(0, 0, 0, 0); text-size-adjust: 100%;\"><span lang=\"EN-US\" style=\"font-size: 9pt; font-family: \'Segoe UI\', sans-serif; color: #242529; letter-spacing: -0.2pt;\">1.</span><span style=\"font-size: 9pt; color: #242529; letter-spacing: -0.2pt;\">帮助您成为我们的会员或帮助您成为可进行发帖、评论等交互行为的用户。</span></p>\r\n<p style=\"margin: 0cm 0cm 11.25pt; font-size: 12pt; font-family: 宋体; line-height: 14.25pt; -webkit-tap-highlight-color: rgba(0, 0, 0, 0); text-size-adjust: 100%;\"><span lang=\"EN-US\" style=\"font-size: 9pt; font-family: \'Segoe UI\', sans-serif; color: #242529; letter-spacing: -0.2pt;\">2.</span><span style=\"font-size: 9pt; color: #242529; letter-spacing: -0.2pt;\">服务提供：向您提供各项服务（内容浏览、推荐、搜索、弹幕），并设计、维护、改进这些服务。服务提供中仅限于我方相关运营服务人员可以访问您的个人信息，并形成用户画像，目的是为了向您推送您喜欢话题或者内容，提升客户体验。</span></p>\r\n<p style=\"margin: 0cm 0cm 11.25pt; font-size: 12pt; font-family: 宋体; line-height: 14.25pt; -webkit-tap-highlight-color: rgba(0, 0, 0, 0); text-size-adjust: 100%;\"><span lang=\"EN-US\" style=\"font-size: 9pt; font-family: \'Segoe UI\', sans-serif; color: #242529; letter-spacing: -0.2pt;\">3.</span><span style=\"font-size: 9pt; color: #242529; letter-spacing: -0.2pt;\">个性化服务：包括向您展示、推荐内容和广告定向投放，推送消息，具体包括向您推荐您可能感兴趣的内容，向您发出产品和服务信息、内容推荐信息、合作信息，或通过系统向您展示个性化的第三方推广信息，或者向您提供与您更加相关的广告、个性化消息等以替代普遍投放的广告和消息。为向您提供个性化的信息搜索和浏览服务，我们会根据您的<strong style=\"-webkit-tap-highlight-color: transparent;\"><u style=\"-webkit-tap-highlight-color: transparent;\">浏览及搜索记录、必要的设备信息、位置信息（获得您的授权），提取您的浏览、搜索偏好、行为习惯、位置信息</u></strong>特征，基于特征标签进行间接人群画像并展示、推送信息，提供与您更加相关的广告。你可以通过</span><span lang=\"EN-US\" style=\"font-size: 9pt; font-family: \'Segoe UI\', sans-serif; color: #242529; letter-spacing: -0.2pt;\">&ldquo;</span><u style=\"-webkit-tap-highlight-color: transparent; outline: none;\" tabindex=\"-1\" role=\"link\"><span style=\"font-size: 9pt; color: #149eff; letter-spacing: -0.2pt;\">推荐设置</span></u><span lang=\"EN-US\" style=\"font-size: 9pt; font-family: \'Segoe UI\', sans-serif; color: #242529; letter-spacing: -0.2pt;\">&rdquo;</span><span style=\"font-size: 9pt; color: #242529; letter-spacing: -0.2pt;\">或者屏蔽话题或用户的方式进行服务更改。</span></p>\r\n<p style=\"margin: 0cm 0cm 11.25pt; font-size: 12pt; font-family: 宋体; line-height: 14.25pt; -webkit-tap-highlight-color: rgba(0, 0, 0, 0); text-size-adjust: 100%;\"><strong style=\"-webkit-tap-highlight-color: transparent;\"><u style=\"-webkit-tap-highlight-color: transparent;\"><span style=\"font-size: 9pt; color: #242529; letter-spacing: -0.2pt;\">我们收集、使用您的上述信息时进行了去标识化处理，数据分析仅对应特定、无法直接关联用户身份的编码，无法与您的真实身份相关联。</span></u></strong></p>\r\n<p style=\"margin: 0cm 0cm 11.25pt; font-size: 12pt; font-family: 宋体; line-height: 14.25pt; -webkit-tap-highlight-color: rgba(0, 0, 0, 0); text-size-adjust: 100%;\"><span lang=\"EN-US\" style=\"font-size: 9pt; font-family: \'Segoe UI\', sans-serif; color: #242529; letter-spacing: -0.2pt;\">4.</span><span style=\"font-size: 9pt; color: #242529; letter-spacing: -0.2pt;\">风险识别：我们可能使用您的个人信息以预防、发现、调查欺诈、危害安全、非法或违反与我们或其关联方协议、政策或规则的行为，如账号活动异常、多端登录、流量异常等，以保护您、我们其他用户，或我们及其关联方的合法权益。</span></p>\r\n<p style=\"margin: 0cm 0cm 11.25pt; font-size: 12pt; font-family: 宋体; line-height: 14.25pt; -webkit-tap-highlight-color: rgba(0, 0, 0, 0); text-size-adjust: 100%;\"><span lang=\"EN-US\" style=\"font-size: 9pt; font-family: \'Segoe UI\', sans-serif; color: #242529; letter-spacing: -0.2pt;\">5.</span><span style=\"font-size: 9pt; color: #242529; letter-spacing: -0.2pt;\">调查及活动：<span style=\"font-family: \'PingFang SC\', sans-serif; letter-spacing: -0.266667px; text-align: justify; caret-color: #242529;\">lnksns</span>勋章的部分用户赢取奖品或者参与有关我们的抽奖活动。</span></p>\r\n<p style=\"margin: 0cm 0cm 11.25pt; font-size: 12pt; font-family: 宋体; line-height: 14.25pt; -webkit-tap-highlight-color: rgba(0, 0, 0, 0); text-size-adjust: 100%;\"><span lang=\"EN-US\" style=\"font-size: 9pt; font-family: \'Segoe UI\', sans-serif; color: #242529; letter-spacing: -0.2pt;\">6.</span><span style=\"font-size: 9pt; color: #242529; letter-spacing: -0.2pt;\">安全保障功能</span></p>\r\n<p style=\"margin: 0cm 0cm 11.25pt; font-size: 12pt; font-family: 宋体; line-height: 14.25pt; -webkit-tap-highlight-color: rgba(0, 0, 0, 0); text-size-adjust: 100%;\"><span style=\"font-size: 9pt; color: #242529; letter-spacing: -0.2pt;\">为提高我们及合作伙伴提供服务的安全性，确保操作环境安全与识别账号异常状态，保护您或其他用户或公众的人身财产安全免遭侵害，更好地预防计算机病毒、钓鱼网站、网络攻击等安全风险，我们可能使用或整合您的会员信息、交易信息、设备信息、有关网络日志以及我们的合作伙伴取得您授权或依据法律共享的信息，来综合判断您账户及交易风险、进行身份验证、检测及防范安全事件，并依法采取必要的记录、审计、分析、处置措施。</span></p>\r\n<p style=\"margin: 0cm 0cm 11.25pt; font-size: 12pt; font-family: 宋体; line-height: 14.25pt; -webkit-tap-highlight-color: rgba(0, 0, 0, 0); text-size-adjust: 100%;\"><span style=\"font-size: 9pt; color: #242529; letter-spacing: -0.2pt;\">上述</span><span lang=\"EN-US\" style=\"font-size: 9pt; font-family: \'Segoe UI\', sans-serif; color: #242529; letter-spacing: -0.2pt;\">2-6</span><span style=\"font-size: 9pt; color: #242529; letter-spacing: -0.2pt;\">项业务场景中未产生新的个人信息，如您认为上述自动化决策机制对您产生了实质性不利影响，您可以通过站内私信、电子邮件与我们联系，我们将在合理范围内为您提供干预。</span></p>\r\n<p style=\"margin: 0cm 0cm 11.25pt; font-size: 12pt; font-family: 宋体; line-height: 14.25pt; -webkit-tap-highlight-color: rgba(0, 0, 0, 0); text-size-adjust: 100%;\"><span lang=\"EN-US\" style=\"font-size: 9pt; font-family: \'Segoe UI\', sans-serif; color: #242529; letter-spacing: -0.2pt;\">7.</span><span style=\"font-size: 9pt; color: #242529; letter-spacing: -0.2pt;\">公共利益维护为目的的使用</span></p>\r\n<p style=\"margin: 0cm 0cm 11.25pt; font-size: 12pt; font-family: 宋体; line-height: 14.25pt; -webkit-tap-highlight-color: rgba(0, 0, 0, 0); text-size-adjust: 100%;\"><span style=\"font-size: 9pt; color: #242529; letter-spacing: -0.2pt;\">特殊情况下，我们将有权使用您的个人信息而无需征得您的同意，该等特殊情况包括：</span><span lang=\"EN-US\" style=\"font-size: 9pt; font-family: \'Segoe UI\', sans-serif; color: #242529; letter-spacing: -0.2pt;\"><br style=\"-webkit-tap-highlight-color: transparent;\" />1</span><span style=\"font-size: 9pt; color: #242529; letter-spacing: -0.2pt;\">）与国家安全、国防安全直接相关；</span><span lang=\"EN-US\" style=\"font-size: 9pt; font-family: \'Segoe UI\', sans-serif; color: #242529; letter-spacing: -0.2pt;\"><br style=\"-webkit-tap-highlight-color: transparent;\" />2</span><span style=\"font-size: 9pt; color: #242529; letter-spacing: -0.2pt;\">）与公共安全、公共卫生、重大公共利益直接相关；</span><span lang=\"EN-US\" style=\"font-size: 9pt; font-family: \'Segoe UI\', sans-serif; color: #242529; letter-spacing: -0.2pt;\"><br style=\"-webkit-tap-highlight-color: transparent;\" />3</span><span style=\"font-size: 9pt; color: #242529; letter-spacing: -0.2pt;\">）于犯罪侦查、起诉、审判和判决执行等直接相关；</span><span lang=\"EN-US\" style=\"font-size: 9pt; font-family: \'Segoe UI\', sans-serif; color: #242529; letter-spacing: -0.2pt;\"><br style=\"-webkit-tap-highlight-color: transparent;\" />4</span><span style=\"font-size: 9pt; color: #242529; letter-spacing: -0.2pt;\">）出于维护您或其他个人的生命、财产等重大合法权益但又很难得到您或其他个人本人同意；</span><span lang=\"EN-US\" style=\"font-size: 9pt; font-family: \'Segoe UI\', sans-serif; color: #242529; letter-spacing: -0.2pt;\"><br style=\"-webkit-tap-highlight-color: transparent;\" />5</span><span style=\"font-size: 9pt; color: #242529; letter-spacing: -0.2pt;\">）所收集个人信息时您本人自行向社会公开的；</span><span lang=\"EN-US\" style=\"font-size: 9pt; font-family: \'Segoe UI\', sans-serif; color: #242529; letter-spacing: -0.2pt;\"><br style=\"-webkit-tap-highlight-color: transparent;\" />6</span><span style=\"font-size: 9pt; color: #242529; letter-spacing: -0.2pt;\">）其他法律法规规定的情形。</span></p>\r\n<p style=\"margin: 0cm 0cm 11.25pt; font-size: 12pt; font-family: 宋体; line-height: 14.25pt; -webkit-tap-highlight-color: rgba(0, 0, 0, 0); text-size-adjust: 100%;\"><span style=\"font-size: 9pt; color: #242529; letter-spacing: -0.2pt;\">除上述场景所涵盖目的外，如需将您的个人信息用于其他目的，我们将通过公告方式向您发出通知，以重新征得您的明示同意。</span></p>\r\n<h3 style=\"margin: 0cm 0cm 11.25pt; line-height: 36.6933px; break-after: avoid; font-size: 16pt; font-family: Calibri, sans-serif; -webkit-tap-highlight-color: rgba(0, 0, 0, 0); text-size-adjust: 100%;\"><span style=\"font-size: 10.5pt; line-height: 24.08px; font-family: 宋体; color: #242529; letter-spacing: -0.25pt;\">三、您发布的共享信息或公开信息</span></h3>\r\n<p style=\"margin: 0cm 0cm 11.25pt; font-size: 12pt; font-family: 宋体; line-height: 14.25pt; -webkit-tap-highlight-color: rgba(0, 0, 0, 0); text-size-adjust: 100%;\"><span style=\"font-size: 9pt; color: #242529; letter-spacing: -0.2pt;\">您可以通过我们的服务发布内容、建立联系和相互分享。当您通过我们的服务发布内容时，可能会被其他<span style=\"font-family: \'PingFang SC\', sans-serif; letter-spacing: -0.266667px; text-align: justify; caret-color: #242529;\">lnksns</span>用户或者游客看到您的<strong style=\"-webkit-tap-highlight-color: transparent;\"><u style=\"-webkit-tap-highlight-color: transparent;\">头像、用户名、性别、您的lnksns勋章、您参与的话题、点赞数、关注数、粉丝数。</u></strong></span></p>\r\n<p style=\"margin: 0cm 0cm 11.25pt; font-size: 12pt; font-family: 宋体; line-height: 14.25pt; -webkit-tap-highlight-color: rgba(0, 0, 0, 0); text-size-adjust: 100%;\"><span style=\"font-size: 9pt; color: #242529; letter-spacing: -0.2pt;\">在使用<span style=\"font-family: \'PingFang SC\', sans-serif; letter-spacing: -0.266667px; text-align: justify; caret-color: #242529;\">lnksns</span>进行浏览、发布内容、发表评论和交流时，可能会披露个人信息。<strong style=\"-webkit-tap-highlight-color: transparent;\"><u style=\"-webkit-tap-highlight-color: transparent;\">请您妥善保护自己的个人信息，仅在必要的情形下向他人提供、展示自己的信息。</u></strong>如您发现自己的个人信息泄密，尤其是您的账户或密码发生泄露，请您立即联系我方平台网站客服，采取相应措施。</span></p>\r\n<p style=\"margin: 0cm 0cm 11.25pt; font-size: 12pt; font-family: 宋体; line-height: 14.25pt; -webkit-tap-highlight-color: rgba(0, 0, 0, 0); text-size-adjust: 100%;\"><span style=\"font-size: 9pt; color: #242529; letter-spacing: -0.2pt;\">公开信息是指<strong style=\"-webkit-tap-highlight-color: transparent;\"><u style=\"-webkit-tap-highlight-color: transparent;\">您公开分享的任何信息，如您发布的内容、发表的评论，您的头像、昵称、用户名称等。</u></strong></span></p>\r\n<p style=\"margin: 0cm 0cm 11.25pt; font-size: 12pt; font-family: 宋体; line-height: 14.25pt; -webkit-tap-highlight-color: rgba(0, 0, 0, 0); text-size-adjust: 100%;\"><strong style=\"-webkit-tap-highlight-color: transparent;\"><u style=\"-webkit-tap-highlight-color: transparent;\"><span style=\"font-size: 9pt; color: #242529; letter-spacing: -0.2pt;\">请注意，您在使用我们的服务时所共享的内容和信息，可能会涉及您的个人敏感信息。请您更加谨慎地考虑，是否在使用我们的服务时披露甚至公开分享相关个人敏感信息。</span></u></strong></p>\r\n<h3 style=\"margin: 0cm 0cm 11.25pt; line-height: 36.6933px; break-after: avoid; font-size: 16pt; font-family: Calibri, sans-serif; -webkit-tap-highlight-color: rgba(0, 0, 0, 0); text-size-adjust: 100%;\"><span style=\"font-size: 10.5pt; line-height: 24.08px; font-family: 宋体; color: #242529; letter-spacing: -0.25pt;\">四、我们如何共享、转让、披露信息</span></h3>\r\n<p style=\"margin: 0cm 0cm 11.25pt; font-size: 12pt; font-family: 宋体; line-height: 14.25pt; -webkit-tap-highlight-color: rgba(0, 0, 0, 0); text-size-adjust: 100%;\"><strong style=\"-webkit-tap-highlight-color: transparent;\"><span style=\"font-size: 9pt; color: #242529; letter-spacing: -0.2pt;\">（一）共享和披露</span></strong></p>\r\n<p style=\"margin: 0cm 0cm 11.25pt; font-size: 12pt; font-family: 宋体; line-height: 14.25pt; -webkit-tap-highlight-color: rgba(0, 0, 0, 0); text-size-adjust: 100%;\"><span style=\"font-size: 9pt; color: #242529; letter-spacing: -0.2pt;\">我们对您的信息承担保密义务，除下列情形外，我们不会与任何其他第三方共享您的个人信息。</span></p>\r\n<p style=\"margin: 0cm 0cm 11.25pt; font-size: 12pt; font-family: 宋体; line-height: 14.25pt; -webkit-tap-highlight-color: rgba(0, 0, 0, 0); text-size-adjust: 100%;\"><span lang=\"EN-US\" style=\"font-size: 9pt; font-family: \'Segoe UI\', sans-serif; color: #242529; letter-spacing: -0.2pt;\">1. </span><span style=\"font-size: 9pt; color: #242529; letter-spacing: -0.2pt;\">在获得您的明确同意或授权或您主动选择的情况下共享。获得您的授权或明确同意后，我们会与其他公司、组织和个人分享您的个人信息。例如，如果我们委托第三方向您提供产品或服务（如用户活动、抽奖奖品寄送、积分兑换奖品时），我们会在征得您同意后将上述信息共享给第三方，如果您拒绝提供此类信息，我们将无法完成相关交付服务。只有您选择同意，我们才会共享您的个人敏感信息。<strong style=\"-webkit-tap-highlight-color: transparent;\">获得您明确同意或基于您的主动选择，我们可能会公开披露您的个人信息。</strong></span></p>\r\n<p style=\"margin: 0cm 0cm 11.25pt; font-size: 12pt; font-family: 宋体; line-height: 14.25pt; -webkit-tap-highlight-color: rgba(0, 0, 0, 0); text-size-adjust: 100%;\"><span lang=\"EN-US\" style=\"font-size: 9pt; font-family: \'Segoe UI\', sans-serif; color: #242529; letter-spacing: -0.2pt;\">2. </span><span style=\"font-size: 9pt; color: #242529; letter-spacing: -0.2pt;\">在法定情形下的共享和披露。我们可能会根据<strong style=\"-webkit-tap-highlight-color: transparent;\">法律法规规定、诉讼争议解决需要，或按行政、司法机关依法提出的要求，对外共享您的个人信息。</strong>例如如果您出现违反法律法规或严重违反我方平台相关协议规则的情况，或为保护我方平台网站及其关联公司用户或公众的人身财产安全免遭侵害，我们可能依据法律法规或我方平台相关协议规则披露关于您的个人信息，包括相关违规行为以及我方平台已对您采取的措施。例如，若您或您使用的账号上传违规内容而严重违反我方平台规则、触犯法律法规和</span><span lang=\"EN-US\" style=\"font-size: 9pt; font-family: \'Segoe UI\', sans-serif; color: #242529; letter-spacing: -0.2pt;\">/</span><span style=\"font-size: 9pt; color: #242529; letter-spacing: -0.2pt;\">或违背公序良俗，造成重大社会影响，给我方平台造成声誉损失，我们可能会公开披露您的信息与处罚情况。<strong style=\"-webkit-tap-highlight-color: transparent;\"><u style=\"-webkit-tap-highlight-color: transparent;\">（此处应说明公开披露可能会包括的个人敏感信息的类型，以及将采取的安全措施）</u></strong></span></p>\r\n<p style=\"margin: 0cm 0cm 11.25pt; font-size: 12pt; font-family: 宋体; line-height: 14.25pt; -webkit-tap-highlight-color: rgba(0, 0, 0, 0); text-size-adjust: 100%;\"><span lang=\"EN-US\" style=\"font-size: 9pt; font-family: \'Segoe UI\', sans-serif; color: #242529; letter-spacing: -0.2pt;\">3. </span><span style=\"font-size: 9pt; color: #242529; letter-spacing: -0.2pt;\">为便于我们基于关联账号共同向您提供服务（如<strong style=\"-webkit-tap-highlight-color: transparent;\">通过</strong></span><strong><span lang=\"EN-US\" style=\"font-size: 9pt; font-family: \'Segoe UI\', sans-serif; color: #242529; letter-spacing: -0.2pt;\">SDK</span></strong><strong><span style=\"font-size: 9pt; color: #242529; letter-spacing: -0.2pt;\">、</span></strong><strong><span lang=\"EN-US\" style=\"font-size: 9pt; font-family: \'Segoe UI\', sans-serif; color: #242529; letter-spacing: -0.2pt;\">API</span></strong><strong><span style=\"font-size: 9pt; color: #242529; letter-spacing: -0.2pt;\">的技术方式与第三方进行合作</span></strong><span style=\"font-size: 9pt; color: #242529; letter-spacing: -0.2pt;\">），推荐您可能感兴趣的信息或保护我方关联公司或其他用户或公众的人身财产安全免遭侵害，您的个人信息可能会与我们的关联公司共享。我们只会共享<strong style=\"-webkit-tap-highlight-color: transparent;\"><u style=\"-webkit-tap-highlight-color: transparent;\">必要的个人信息</u></strong>（如为便于您使用我方账号登录并使用我们关联公司产品或服务，我们会向关联公司共享您必要的个人信息），且受本隐私政策中所声明目的的约束。如果我们共享您的个人敏感信息或关联公司改变个人信息的使用及处理目的，将再次征求您的授权同意。</span></p>\r\n<p style=\"margin: 0cm 0cm 11.25pt; font-size: 12pt; font-family: 宋体; line-height: 14.25pt; -webkit-tap-highlight-color: rgba(0, 0, 0, 0); text-size-adjust: 100%;\"><span lang=\"EN-US\" style=\"font-size: 9pt; font-family: \'Segoe UI\', sans-serif; color: #242529; letter-spacing: -0.2pt;\">4. </span><span style=\"font-size: 9pt; color: #242529; letter-spacing: -0.2pt;\">与授权合作伙伴共享。我们会委托授权合作伙伴为您提供某些服务或代表我们履行职能，<strong style=\"-webkit-tap-highlight-color: transparent;\">我们仅会出于合法、正当、必要、特定、明确的目的共享您的信息，授权合作伙伴只能接触到为其履行职责所需信息，且不能将此信息用于任何其他目的。</strong></span></p>\r\n<p style=\"margin: 0cm 0cm 11.25pt; font-size: 12pt; font-family: 宋体; line-height: 14.25pt; -webkit-tap-highlight-color: rgba(0, 0, 0, 0); text-size-adjust: 100%;\"><strong style=\"-webkit-tap-highlight-color: transparent;\"><span style=\"font-size: 9pt; color: #242529; letter-spacing: -0.2pt;\">目前，我们的授权合作伙伴包括以下类型：</span></strong><span lang=\"EN-US\" style=\"font-size: 9pt; font-family: \'Segoe UI\', sans-serif; color: #242529; letter-spacing: -0.2pt;\"><br style=\"-webkit-tap-highlight-color: transparent;\" /></span><strong style=\"-webkit-tap-highlight-color: transparent;\"><span style=\"font-size: 9pt; color: #242529; letter-spacing: -0.2pt;\">（</span></strong><strong><span lang=\"EN-US\" style=\"font-size: 9pt; font-family: \'Segoe UI\', sans-serif; color: #242529; letter-spacing: -0.2pt;\">1</span></strong><strong><span style=\"font-size: 9pt; color: #242529; letter-spacing: -0.2pt;\">）广告、分析服务类的授权合作伙伴。</span></strong><span style=\"font-size: 9pt; color: #242529; letter-spacing: -0.2pt;\">除非得到您的许可，否则我们不会将您的个人身份信息（指可以识别您身份的信息，例如手机号码，通过这些信息可以联系到您或识别您的身份）与提供广告、分析服务的合作伙伴共享。我们仅会向这些合作伙伴提供不能识别个人身份的统计信息，帮助他们了解其受众或客户。</span><span lang=\"EN-US\" style=\"font-size: 9pt; font-family: \'Segoe UI\', sans-serif; color: #242529; letter-spacing: -0.2pt;\"><br style=\"-webkit-tap-highlight-color: transparent;\" /></span><span style=\"font-size: 9pt; color: #242529; letter-spacing: -0.2pt;\">受限于基于合作的技术能力，根据您所使用的硬件设施不同，部分合作方可能会获取您的</span><span class=\"apple-converted-space\"><span lang=\"EN-US\" style=\"font-size: 9pt; font-family: \'Segoe UI\', sans-serif; color: #242529; letter-spacing: -0.2pt;\">&nbsp;</span></span><strong style=\"-webkit-tap-highlight-color: transparent;\"><u style=\"-webkit-tap-highlight-color: transparent;\"><span style=\"font-size: 9pt; color: #242529; letter-spacing: -0.2pt;\">设备型号、操作系统类型及版本号、屏幕密度及分辨率、国际移动设备识别码（</span></u></strong><strong><u><span lang=\"EN-US\" style=\"font-size: 9pt; font-family: \'Segoe UI\', sans-serif; color: #242529; letter-spacing: -0.2pt;\">IMEI/IDFA</span></u></strong><strong><u><span style=\"font-size: 9pt; color: #242529; letter-spacing: -0.2pt;\">）、网络设备硬件地址（</span></u></strong><strong><u><span lang=\"EN-US\" style=\"font-size: 9pt; font-family: \'Segoe UI\', sans-serif; color: #242529; letter-spacing: -0.2pt;\">MAC</span></u></strong><strong><u><span style=\"font-size: 9pt; color: #242529; letter-spacing: -0.2pt;\">）等设备信息。但我们会要求合作方对信息进行技术保护，并不得用于任何非法的目的。</span></u></strong></p>\r\n<p style=\"margin: 0cm 0cm 11.25pt; font-size: 12pt; font-family: 宋体; line-height: 14.25pt; -webkit-tap-highlight-color: rgba(0, 0, 0, 0); text-size-adjust: 100%;\"><strong style=\"-webkit-tap-highlight-color: transparent;\"><span style=\"font-size: 9pt; color: #242529; letter-spacing: -0.2pt;\">（</span></strong><strong><span lang=\"EN-US\" style=\"font-size: 9pt; font-family: \'Segoe UI\', sans-serif; color: #242529; letter-spacing: -0.2pt;\">2</span></strong><strong><span style=\"font-size: 9pt; color: #242529; letter-spacing: -0.2pt;\">）供应商、服务提供商和其他合作伙伴。</span></strong><span style=\"font-size: 9pt; color: #242529; letter-spacing: -0.2pt;\">。我们将信息发送给支持我们业务的供应商、服务提供商和其他合作伙伴<strong style=\"-webkit-tap-highlight-color: transparent;\">（如硬件厂商、电信运营商等）</strong>，这些支持包括提供技术基础设施服务、分析我们服务的使用方式、衡量广告和服务的有效性、提供客户服务、支付便利或进行学术研究和调查。</span></p>\r\n<p style=\"margin: 0cm 0cm 11.25pt; font-size: 12pt; font-family: 宋体; line-height: 14.25pt; -webkit-tap-highlight-color: rgba(0, 0, 0, 0); text-size-adjust: 100%;\"><strong style=\"-webkit-tap-highlight-color: transparent;\"><span style=\"font-size: 9pt; color: #242529; letter-spacing: -0.2pt;\">对我们与之共享个人信息的公司、组织和个人，我们会与其签署严格的数据保护协议，要求他们按照我们的说明、本政策以及其他任何相关的保密和安全措施来处理个人信息。</span></strong><span style=\"font-size: 9pt; color: #242529; letter-spacing: -0.2pt;\">如果我们共享您的个人敏感信息或授权合作伙伴改变个人信息的使用及处理目的，将再次征求您的授权同意。</span></p>\r\n<p style=\"margin: 0cm 0cm 11.25pt; font-size: 12pt; font-family: 宋体; line-height: 14.25pt; -webkit-tap-highlight-color: rgba(0, 0, 0, 0); text-size-adjust: 100%;\"><strong style=\"-webkit-tap-highlight-color: transparent;\"><u style=\"-webkit-tap-highlight-color: transparent;\"><span style=\"font-size: 9pt; color: #242529; letter-spacing: -0.2pt;\">（</span></u></strong><strong><u><span lang=\"EN-US\" style=\"font-size: 9pt; font-family: \'Segoe UI\', sans-serif; color: #242529; letter-spacing: -0.2pt;\">3</span></u></strong><strong><u><span style=\"font-size: 9pt; color: #242529; letter-spacing: -0.2pt;\">）第三方</span></u></strong><strong><u><span lang=\"EN-US\" style=\"font-size: 9pt; font-family: \'Segoe UI\', sans-serif; color: #242529; letter-spacing: -0.2pt;\">SDK</span></u></strong><strong><u><span style=\"font-size: 9pt; color: #242529; letter-spacing: -0.2pt;\">类服务商：我们的产品中可能会包含第三方</span></u></strong><strong><u><span lang=\"EN-US\" style=\"font-size: 9pt; font-family: \'Segoe UI\', sans-serif; color: #242529; letter-spacing: -0.2pt;\">SDK</span></u></strong><strong><u><span style=\"font-size: 9pt; color: #242529; letter-spacing: -0.2pt;\">或其他类似的应用程序，如您在我们平台上使用这类由第三方提供的服务时，您同意将由其直接收集和处理您的信息（如以嵌入代码、插件等形式）。</span></u></strong></p>\r\n<p style=\"margin: 0cm 0cm 11.25pt; font-size: 12pt; font-family: 宋体; line-height: 14.25pt; -webkit-tap-highlight-color: rgba(0, 0, 0, 0); text-size-adjust: 100%;\"><strong style=\"-webkit-tap-highlight-color: transparent;\"><u style=\"-webkit-tap-highlight-color: transparent;\"><span style=\"font-size: 9pt; color: #242529; letter-spacing: -0.2pt;\">前述服务商收集和处理信息等行为遵守其自身的隐私条款，而不适用于本政策。为了最大程度保障您的信息安全，我们建议您在使用任何第三方</span></u></strong><strong><u><span lang=\"EN-US\" style=\"font-size: 9pt; font-family: \'Segoe UI\', sans-serif; color: #242529; letter-spacing: -0.2pt;\">SDK</span></u></strong><strong><u><span style=\"font-size: 9pt; color: #242529; letter-spacing: -0.2pt;\">类服务前先行查看其隐私条款。为保障您的合法权益，如您发现这等</span></u></strong><strong><u><span lang=\"EN-US\" style=\"font-size: 9pt; font-family: \'Segoe UI\', sans-serif; color: #242529; letter-spacing: -0.2pt;\">SDK</span></u></strong><strong><u><span style=\"font-size: 9pt; color: #242529; letter-spacing: -0.2pt;\">或其他类似的应用程序存在风险时，建议您立即终止相关操作并及时与我们取得联系。</span></u></strong></p>\r\n<p style=\"margin: 0cm 0cm 11.25pt; font-size: 12pt; font-family: 宋体; line-height: 14.25pt; -webkit-tap-highlight-color: rgba(0, 0, 0, 0); text-size-adjust: 100%;\"><strong style=\"-webkit-tap-highlight-color: transparent;\"><span lang=\"EN-US\" style=\"font-size: 9pt; font-family: \'Segoe UI\', sans-serif; color: #242529; letter-spacing: -0.2pt;\">5. </span></strong><strong><span style=\"font-size: 9pt; color: #242529; letter-spacing: -0.2pt;\">协助处理争议。</span></strong><span style=\"font-size: 9pt; color: #242529; letter-spacing: -0.2pt;\">如因您发布的内容造成对第三方侵权，投诉一方、司法机构或行政执法机构提出信息披露请求的，我方会视情况向该上述机构提供被投诉用户的联系方式等必要信息，以促成交纠纷的解决。我方平台仅在法律有明确规定的情况下承担相应的法律责任。</span></p>\r\n<p style=\"margin: 0cm 0cm 11.25pt; font-size: 12pt; font-family: 宋体; line-height: 14.25pt; -webkit-tap-highlight-color: rgba(0, 0, 0, 0); text-size-adjust: 100%;\"><span style=\"font-size: 9pt; color: #242529; letter-spacing: -0.2pt;\">（二）转让</span></p>\r\n<p style=\"margin: 0cm 0cm 11.25pt; font-size: 12pt; font-family: 宋体; line-height: 14.25pt; -webkit-tap-highlight-color: rgba(0, 0, 0, 0); text-size-adjust: 100%;\"><span style=\"font-size: 9pt; color: #242529; letter-spacing: -0.2pt;\">我们不会将您的个人信息转让给任何公司、组织和个人，但以下情况除外：</span><span lang=\"EN-US\" style=\"font-size: 9pt; font-family: \'Segoe UI\', sans-serif; color: #242529; letter-spacing: -0.2pt;\"><br style=\"-webkit-tap-highlight-color: transparent;\" />1. </span><span style=\"font-size: 9pt; color: #242529; letter-spacing: -0.2pt;\">在获取明确同意的情况下转让：获得您的明确同意后，我们会向其他方转让您的个人信息；</span><span lang=\"EN-US\" style=\"font-size: 9pt; font-family: \'Segoe UI\', sans-serif; color: #242529; letter-spacing: -0.2pt;\"><br style=\"-webkit-tap-highlight-color: transparent;\" />2.</span><span style=\"font-size: 9pt; color: #242529; letter-spacing: -0.2pt;\">在我方平台服务提供者发生合并、收购或破产清算情形，或其他涉及合并、收购或破产清算情形时，如涉及到个人信息转让，我们会要求新的持有您个人信息的公司、组织继续受本政策的约束，否则我们将要求该公司、组织和个人重新向您征求授权同意。</span></p>\r\n<p style=\"margin: 0cm 0cm 11.25pt; font-size: 12pt; font-family: 宋体; line-height: 14.25pt; -webkit-tap-highlight-color: rgba(0, 0, 0, 0); text-size-adjust: 100%;\"><span style=\"font-size: 9pt; color: #242529; letter-spacing: -0.2pt;\">（三）共享、转让、披露个人信息时事先征得授权同意的例外</span></p>\r\n<p style=\"margin: 0cm 0cm 11.25pt; font-size: 12pt; font-family: 宋体; line-height: 14.25pt; -webkit-tap-highlight-color: rgba(0, 0, 0, 0); text-size-adjust: 100%;\"><span style=\"font-size: 9pt; color: #242529; letter-spacing: -0.2pt;\">以下情形中，共享、转让、公开披露您的个人信息无需事先征得您的授权同意：</span><span lang=\"EN-US\" style=\"font-size: 9pt; font-family: \'Segoe UI\', sans-serif; color: #242529; letter-spacing: -0.2pt;\"><br style=\"-webkit-tap-highlight-color: transparent;\" />1</span><span style=\"font-size: 9pt; color: #242529; letter-spacing: -0.2pt;\">）与国家安全、国防安全有关的；</span><span lang=\"EN-US\" style=\"font-size: 9pt; font-family: \'Segoe UI\', sans-serif; color: #242529; letter-spacing: -0.2pt;\"><br style=\"-webkit-tap-highlight-color: transparent;\" />2</span><span style=\"font-size: 9pt; color: #242529; letter-spacing: -0.2pt;\">）与公共安全、公共卫生、重大公共利益有关的；</span><span lang=\"EN-US\" style=\"font-size: 9pt; font-family: \'Segoe UI\', sans-serif; color: #242529; letter-spacing: -0.2pt;\"><br style=\"-webkit-tap-highlight-color: transparent;\" />3</span><span style=\"font-size: 9pt; color: #242529; letter-spacing: -0.2pt;\">）与犯罪侦查、起诉、审判和判决执行等有关的；</span><span lang=\"EN-US\" style=\"font-size: 9pt; font-family: \'Segoe UI\', sans-serif; color: #242529; letter-spacing: -0.2pt;\"><br style=\"-webkit-tap-highlight-color: transparent;\" />4</span><span style=\"font-size: 9pt; color: #242529; letter-spacing: -0.2pt;\">）出于维护您或其他个人的生命、财产等重大合法权益但又很难得到本人同意的；</span><span lang=\"EN-US\" style=\"font-size: 9pt; font-family: \'Segoe UI\', sans-serif; color: #242529; letter-spacing: -0.2pt;\"><br style=\"-webkit-tap-highlight-color: transparent;\" />5</span><span style=\"font-size: 9pt; color: #242529; letter-spacing: -0.2pt;\">）您自行向社会公众公开的个人信息；</span><span lang=\"EN-US\" style=\"font-size: 9pt; font-family: \'Segoe UI\', sans-serif; color: #242529; letter-spacing: -0.2pt;\"><br style=\"-webkit-tap-highlight-color: transparent;\" />6</span><span style=\"font-size: 9pt; color: #242529; letter-spacing: -0.2pt;\">）从合法公开披露的信息中收集个人信息的，如合法的新闻报道、政府信息公开等渠道。</span></p>\r\n<p style=\"margin: 0cm 0cm 11.25pt; font-size: 12pt; font-family: 宋体; line-height: 14.25pt; -webkit-tap-highlight-color: rgba(0, 0, 0, 0); text-size-adjust: 100%;\"><span style=\"font-size: 9pt; color: #242529; letter-spacing: -0.2pt;\">根据法律规定，共享、转让经去标识化处理的个人信息，且确保数据接收方无法复原并重新识别个人信息主体的，不属于个人信息的对外共享、转让及公开披露行为，对此类数据的保存及处理将无需另行向您通知并征得您的同意。</span></p>\r\n<p style=\"margin: 0cm 0cm 11.25pt; font-size: 12pt; font-family: 宋体; line-height: 14.25pt; -webkit-tap-highlight-color: rgba(0, 0, 0, 0); text-size-adjust: 100%;\"><strong style=\"-webkit-tap-highlight-color: transparent;\"><span style=\"font-size: 9pt; color: #242529; letter-spacing: -0.2pt;\">如您不同意我们按照上述条款向第三方提供您的个人信息，请您立即停止使用我方平台服务。</span></strong></p>\r\n<h3 style=\"margin: 0cm 0cm 11.25pt; line-height: 36.6933px; break-after: avoid; font-size: 16pt; font-family: Calibri, sans-serif; -webkit-tap-highlight-color: rgba(0, 0, 0, 0); text-size-adjust: 100%;\"><span style=\"font-size: 10.5pt; line-height: 24.08px; font-family: 宋体; color: #242529; letter-spacing: -0.25pt;\">五、我们如何存储信息</span></h3>\r\n<p style=\"margin: 0cm 0cm 11.25pt; font-size: 12pt; font-family: 宋体; line-height: 14.25pt; -webkit-tap-highlight-color: rgba(0, 0, 0, 0); text-size-adjust: 100%;\"><span style=\"font-size: 9pt; color: #242529; letter-spacing: -0.2pt;\">我方收集的有关您的信息和资料将保存在我方及（或）我方关联公司所控制、使用、租赁的服务器上，我方对您相关资料信息会进行严格的保密和使用控制。这些信息和资料可能传送至您所在国家、地区或我方收集信息和资料所在地并在该地被访问、存储和展示。关于您的个人信息的存储和跨境转移规则请见第十条。</span></p>\r\n<p style=\"margin: 0cm 0cm 11.25pt; font-size: 12pt; font-family: 宋体; line-height: 14.25pt; -webkit-tap-highlight-color: rgba(0, 0, 0, 0); text-size-adjust: 100%;\"><strong style=\"-webkit-tap-highlight-color: transparent;\"><span style=\"font-size: 9pt; color: #242529; letter-spacing: -0.2pt;\">数据保留期限：</span></strong><span style=\"font-size: 9pt; color: #242529; letter-spacing: -0.2pt;\">我们会采取合理可行的措施避免收集无关的个人信息。一般情况下我们会将您的个人信息保存三年。<strong style=\"-webkit-tap-highlight-color: transparent;\">上述保存期限为达成本政策所述目的所需的最短期限，除非您同意延长保留期或受到法律的允许。保存期限到期后，我们将对您的个人信息进行删除或匿名化处理。</strong></span></p>\r\n<p style=\"margin: 0cm 0cm 11.25pt; font-size: 12pt; font-family: 宋体; line-height: 14.25pt; -webkit-tap-highlight-color: rgba(0, 0, 0, 0); text-size-adjust: 100%;\"><span style=\"font-size: 9pt; color: #242529; letter-spacing: -0.2pt;\">如本平台服务决定停止运营时，我们将在相关服务停止运营后停止继续收集您的个人信息。我们将以公告形式将停止运营通知向您送达。对已持有的您的个人信息将进行删除或匿名化处理。</span></p>\r\n<h3 style=\"margin: 0cm 0cm 11.25pt; line-height: 36.6933px; break-after: avoid; font-size: 16pt; font-family: Calibri, sans-serif; -webkit-tap-highlight-color: rgba(0, 0, 0, 0); text-size-adjust: 100%;\"><span style=\"font-size: 10.5pt; line-height: 24.08px; font-family: 宋体; color: #242529; letter-spacing: -0.25pt;\">六、我们如何保护您的个人信息安全</span></h3>\r\n<p style=\"margin: 0cm 0cm 11.25pt; font-size: 12pt; font-family: 宋体; line-height: 14.25pt; -webkit-tap-highlight-color: rgba(0, 0, 0, 0); text-size-adjust: 100%;\"><span style=\"font-size: 9pt; color: #242529; letter-spacing: -0.2pt;\">为确保我们所收集的您的个人信息安全，我们承诺将努力达到合理的安全水平，现将具体安全措施和安全能力陈述如下：</span></p>\r\n<p style=\"margin: 0cm 0cm 11.25pt; font-size: 12pt; font-family: 宋体; line-height: 14.25pt; -webkit-tap-highlight-color: rgba(0, 0, 0, 0); text-size-adjust: 100%;\"><span style=\"font-size: 9pt; color: #242529; letter-spacing: -0.2pt;\">一</span><span lang=\"EN-US\" style=\"font-size: 9pt; font-family: \'Segoe UI\', sans-serif; color: #242529; letter-spacing: -0.2pt;\">.<span class=\"apple-converted-space\">&nbsp;</span></span><strong style=\"-webkit-tap-highlight-color: transparent;\"><span style=\"font-size: 9pt; color: #242529; letter-spacing: -0.2pt;\">技术保护：</span></strong><span style=\"font-size: 9pt; color: #242529; letter-spacing: -0.2pt;\">（一）为保障您的信息安全，我们努力采取各种符合业界标准的合理的物理、电子和管理方面的安全措施来保护您的信息，使您的信息不会被泄漏、毁损或者丢失，包括但不限于</span><span lang=\"EN-US\" style=\"font-size: 9pt; font-family: \'Segoe UI\', sans-serif; color: #242529; letter-spacing: -0.2pt;\">SSL</span><span style=\"font-size: 9pt; color: #242529; letter-spacing: -0.2pt;\">、信息加密存储、数据中心的访问控制。我们会使用加密技术提高个人信息的安全性；我们会使用受信赖的保护机制防止个人信息遭到恶意攻击；我们会部署访问控制机制，尽力确保只有授权人员才可访问个人信息。</span></p>\r\n<p style=\"margin: 0cm 0cm 11.25pt; font-size: 12pt; font-family: 宋体; line-height: 14.25pt; -webkit-tap-highlight-color: rgba(0, 0, 0, 0); text-size-adjust: 100%;\"><span style=\"font-size: 9pt; color: #242529; letter-spacing: -0.2pt;\">二</span><span lang=\"EN-US\" style=\"font-size: 9pt; font-family: \'Segoe UI\', sans-serif; color: #242529; letter-spacing: -0.2pt;\">.<span class=\"apple-converted-space\">&nbsp;</span></span><strong style=\"-webkit-tap-highlight-color: transparent;\"><span style=\"font-size: 9pt; color: #242529; letter-spacing: -0.2pt;\">安全体系保证：</span></strong><span style=\"font-size: 9pt; color: #242529; letter-spacing: -0.2pt;\">我们有行业先进的以数据为核心，围绕数据生命周期进行的数据安全管理体系，从组织建设、制度设计、人员管理、产品技术等方面多维度提升整个系统的安全性。</span></p>\r\n<p style=\"margin: 0cm 0cm 11.25pt; font-size: 12pt; font-family: 宋体; line-height: 14.25pt; -webkit-tap-highlight-color: rgba(0, 0, 0, 0); text-size-adjust: 100%;\"><span style=\"font-size: 9pt; color: #242529; letter-spacing: -0.2pt;\">三</span><span lang=\"EN-US\" style=\"font-size: 9pt; font-family: \'Segoe UI\', sans-serif; color: #242529; letter-spacing: -0.2pt;\">.<span class=\"apple-converted-space\">&nbsp;</span></span><strong style=\"-webkit-tap-highlight-color: transparent;\"><span style=\"font-size: 9pt; color: #242529; letter-spacing: -0.2pt;\">人员安全管理：</span></strong><span style=\"font-size: 9pt; color: #242529; letter-spacing: -0.2pt;\">（三）我们对可能接触到您的信息的员工或外包人员也采取了严格管理，包括但不限于根据岗位的不同采取不同的权限控制，与他们签署保密协议，监控他们的操作情况等措施。我方会按现有技术提供相应的安全措施来保护您的信息，提供合理的安全保障，我方将尽力做到使您的信息不被泄漏、毁损或丢失。我们会举办安全和隐私保护培训课程，加强员工对于保护个人信息重要性的认识。</span></p>\r\n<p style=\"margin: 0cm 0cm 11.25pt; font-size: 12pt; font-family: 宋体; line-height: 14.25pt; -webkit-tap-highlight-color: rgba(0, 0, 0, 0); text-size-adjust: 100%;\"><span style=\"font-size: 9pt; color: #242529; letter-spacing: -0.2pt;\">四</span><span lang=\"EN-US\" style=\"font-size: 9pt; font-family: \'Segoe UI\', sans-serif; color: #242529; letter-spacing: -0.2pt;\">.<span class=\"apple-converted-space\">&nbsp;</span></span><strong style=\"-webkit-tap-highlight-color: transparent;\"><span style=\"font-size: 9pt; color: #242529; letter-spacing: -0.2pt;\">敏感信息及密码保护提示：</span></strong><span lang=\"EN-US\" style=\"font-size: 9pt; font-family: \'Segoe UI\', sans-serif; color: #242529; letter-spacing: -0.2pt;\"><br style=\"-webkit-tap-highlight-color: transparent;\" />&emsp;a)</span><strong style=\"-webkit-tap-highlight-color: transparent;\"><span style=\"font-size: 9pt; color: #242529; letter-spacing: -0.2pt;\">个人敏感信息保护注意：</span></strong><span style=\"font-size: 9pt; color: #242529; letter-spacing: -0.2pt;\">您在使用我们服务时自愿共享甚至公开分享的信息，可能会涉及您或他人的个人信息甚至个人敏感信息，例如您的头像图片上传，例如如您在评论、发帖、发弹幕时选择上传包含个人信息的图片。请您更加谨慎地考虑，是否在使用我们的服务时共享甚至公开分享相关信息。</span><span lang=\"EN-US\" style=\"font-size: 9pt; font-family: \'Segoe UI\', sans-serif; color: #242529; letter-spacing: -0.2pt;\"><br style=\"-webkit-tap-highlight-color: transparent;\" />&emsp;b)<span class=\"apple-converted-space\">&nbsp;</span></span><strong style=\"-webkit-tap-highlight-color: transparent;\"><span style=\"font-size: 9pt; color: #242529; letter-spacing: -0.2pt;\">请使用复杂密码或使用动态验证码</span></strong><span style=\"font-size: 9pt; color: #242529; letter-spacing: -0.2pt;\">，协助我们保证您的账号安全。我们将尽力保障您发送给我们的任何信息的安全性。如果我们的物理、技术或管理防护设施遭到破坏，导致信息被非授权访问、公开披露、篡改或毁坏，导致您的合法权益受损，我们将承担相应的法律责任。</span><span lang=\"EN-US\" style=\"font-size: 9pt; font-family: \'Segoe UI\', sans-serif; color: #242529; letter-spacing: -0.2pt;\"><br style=\"-webkit-tap-highlight-color: transparent;\" />&emsp;c)<span class=\"apple-converted-space\">&nbsp;</span></span><strong style=\"-webkit-tap-highlight-color: transparent;\"><u style=\"-webkit-tap-highlight-color: transparent;\"><span style=\"font-size: 9pt; color: #242529; letter-spacing: -0.2pt;\">您的账户均有安全保护功能，请妥善保管您的账户及密码信息。</span></u></strong><span style=\"font-size: 9pt; color: #242529; letter-spacing: -0.2pt;\">我方将通过向其它服务器备份、对用户密码进行加密等安全措施确保您的信息不丢失，不被滥用和变造。尽管有前述安全措施，但同时也请您理解在信息网络上不存在</span><span lang=\"EN-US\" style=\"font-size: 9pt; font-family: \'Segoe UI\', sans-serif; color: #242529; letter-spacing: -0.2pt;\">&ldquo;</span><span style=\"font-size: 9pt; color: #242529; letter-spacing: -0.2pt;\">完善的安全措施</span><span lang=\"EN-US\" style=\"font-size: 9pt; font-family: \'Segoe UI\', sans-serif; color: #242529; letter-spacing: -0.2pt;\">&rdquo;</span><span style=\"font-size: 9pt; color: #242529; letter-spacing: -0.2pt;\">。</span></p>\r\n<p style=\"margin: 0cm 0cm 11.25pt; font-size: 12pt; font-family: 宋体; line-height: 14.25pt; -webkit-tap-highlight-color: rgba(0, 0, 0, 0); text-size-adjust: 100%;\"><span style=\"font-size: 9pt; color: #242529; letter-spacing: -0.2pt;\">五</span><span lang=\"EN-US\" style=\"font-size: 9pt; font-family: \'Segoe UI\', sans-serif; color: #242529; letter-spacing: -0.2pt;\">.<span class=\"apple-converted-space\">&nbsp;</span></span><strong style=\"-webkit-tap-highlight-color: transparent;\"><span style=\"font-size: 9pt; color: #242529; letter-spacing: -0.2pt;\">信息披露提示及密码泄露处理：</span></strong><span class=\"apple-converted-space\"><strong><span lang=\"EN-US\" style=\"font-size: 9pt; font-family: \'Segoe UI\', sans-serif; color: #242529; letter-spacing: -0.2pt;\">&nbsp;</span></strong></span><strong><u style=\"-webkit-tap-highlight-color: transparent;\"><span style=\"font-size: 9pt; color: #242529; letter-spacing: -0.2pt;\">请注意互联网并非绝对安全的环境。在使用我方平台某些服务时，您不可避免的要向交易对方或潜在的交易对方披露自己的个人信息，如银行账户信息、联络方式或者邮政地址。</span></u></strong><span style=\"font-size: 9pt; color: #242529; letter-spacing: -0.2pt;\">（五）请您妥善保护自己的个人信息，仅在必要的情形下向他人提供。如您发现自己的个人信息泄密，尤其是你的账户及密码发生泄露，请您立即联络我方客服，以便我方采取相应措施。</span></p>\r\n<p style=\"margin: 0cm 0cm 11.25pt; font-size: 12pt; font-family: 宋体; line-height: 14.25pt; -webkit-tap-highlight-color: rgba(0, 0, 0, 0); text-size-adjust: 100%;\"><span style=\"font-size: 9pt; color: #242529; letter-spacing: -0.2pt;\">六</span><span lang=\"EN-US\" style=\"font-size: 9pt; font-family: \'Segoe UI\', sans-serif; color: #242529; letter-spacing: -0.2pt;\">.<span class=\"apple-converted-space\">&nbsp;</span></span><strong style=\"-webkit-tap-highlight-color: transparent;\"><span style=\"font-size: 9pt; color: #242529; letter-spacing: -0.2pt;\">信息安全事件处理：</span></strong><span style=\"font-size: 9pt; color: #242529; letter-spacing: -0.2pt;\">在不幸发生个人信息安全事件后，我们将按照法律法规的要求向您告知：安全事件的基本情况和可能的影响、我们已采取或将要采取的处置措施、您可自主防范和降低风险的建议、对您的补救措施等。事件相关情况我们将以邮件、信函、电话、推送通知等方式告知您，难以逐一告知个人信息主体时，我们会采取合理、有效的方式发布公告。同时，我们还将按照监管部门要求，上报个人信息安全事件的处置情况。</span></p>\r\n<h3 style=\"margin: 0cm 0cm 11.25pt; line-height: 36.6933px; break-after: avoid; font-size: 16pt; font-family: Calibri, sans-serif; -webkit-tap-highlight-color: rgba(0, 0, 0, 0); text-size-adjust: 100%;\"><span style=\"font-size: 10.5pt; line-height: 24.08px; font-family: 宋体; color: #242529; letter-spacing: -0.25pt;\">七、未成年人保护</span></h3>\r\n<p style=\"margin: 0cm 0cm 11.25pt; font-size: 12pt; font-family: 宋体; line-height: 14.25pt; -webkit-tap-highlight-color: rgba(0, 0, 0, 0); text-size-adjust: 100%;\"><span style=\"font-size: 9pt; color: #242529; letter-spacing: -0.2pt;\">我们重视未成年人的个人信息保护，如您为未成年人，<strong style=\"-webkit-tap-highlight-color: transparent;\"><u style=\"-webkit-tap-highlight-color: transparent;\">建议您请您的监护人仔细阅读本隐私政策，并在征得您的监护人同意的前提下使用我们的服务或向我们提供信息，使用时应当打开</u></strong></span><strong><u><span lang=\"EN-US\" style=\"font-size: 9pt; font-family: \'Segoe UI\', sans-serif; color: #242529; letter-spacing: -0.2pt;\">&ldquo;</span></u></strong><strong><u><span style=\"font-size: 9pt; color: #242529; letter-spacing: -0.2pt;\">青少年模式</span></u></strong><strong><u><span lang=\"EN-US\" style=\"font-size: 9pt; font-family: \'Segoe UI\', sans-serif; color: #242529; letter-spacing: -0.2pt;\">&rdquo;</span></u></strong><strong><u><span style=\"font-size: 9pt; color: #242529; letter-spacing: -0.2pt;\">。</span></u></strong></p>\r\n<p style=\"margin: 0cm 0cm 11.25pt; font-size: 12pt; font-family: 宋体; line-height: 14.25pt; -webkit-tap-highlight-color: rgba(0, 0, 0, 0); text-size-adjust: 100%;\"><span style=\"font-size: 9pt; color: #242529; letter-spacing: -0.2pt;\">对于经父母或监护人同意使用我们的产品或服务而收集未成年人个人信息的情况，我们只会在法律法规允许、父母或监护人明确同意或者保护未成年人所必要的情况下使用、共享、转让或披露此信息。</span></p>\r\n<h3 style=\"margin: 0cm 0cm 11.25pt; line-height: 36.6933px; break-after: avoid; font-size: 16pt; font-family: Calibri, sans-serif; -webkit-tap-highlight-color: rgba(0, 0, 0, 0); text-size-adjust: 100%;\"><span style=\"font-size: 10.5pt; line-height: 24.08px; font-family: 宋体; color: #242529; letter-spacing: -0.25pt;\">八、您如何管理自己的信息</span></h3>\r\n<p style=\"margin: 0cm 0cm 11.25pt; font-size: 12pt; font-family: 宋体; line-height: 14.25pt; -webkit-tap-highlight-color: rgba(0, 0, 0, 0); text-size-adjust: 100%;\"><span style=\"font-size: 9pt; color: #242529; letter-spacing: -0.2pt;\">我们按《中华人民共和国网络安全法》的要求，通过提供便捷的方法，让您可以访问、更正及删除自己的账户信息或使用我们的服务时您提供的其他个人信息。您可以通过如下方式访问及管理您的个人信息。</span></p>\r\n<p style=\"margin: 0cm 0cm 11.25pt; font-size: 12pt; font-family: 宋体; line-height: 14.25pt; -webkit-tap-highlight-color: rgba(0, 0, 0, 0); text-size-adjust: 100%;\"><strong style=\"-webkit-tap-highlight-color: transparent;\"><u style=\"-webkit-tap-highlight-color: transparent;\"><span style=\"font-size: 9pt; color: #242529; letter-spacing: -0.2pt;\">（一）访问您的个人信息</span></u></strong></p>\r\n<p style=\"margin: 0cm 0cm 11.25pt; font-size: 12pt; font-family: 宋体; line-height: 14.25pt; -webkit-tap-highlight-color: rgba(0, 0, 0, 0); text-size-adjust: 100%;\"><span style=\"font-size: 9pt; color: #242529; letter-spacing: -0.2pt;\">您有权访问您的个人信息，法律法规规定的例外情况除外。您可以通过以下方式自行访问您的个人信息：</span></p>\r\n<p style=\"margin: 0cm 0cm 11.25pt; font-size: 12pt; font-family: 宋体; line-height: 14.25pt; -webkit-tap-highlight-color: rgba(0, 0, 0, 0); text-size-adjust: 100%;\"><span style=\"font-size: 9pt; color: #242529; letter-spacing: -0.2pt;\">您可以通过</span><span lang=\"EN-US\" style=\"font-size: 9pt; font-family: \'Segoe UI\', sans-serif; color: #242529; letter-spacing: -0.2pt;\">&ldquo;</span><span style=\"font-size: 9pt; color: #242529; letter-spacing: -0.2pt;\">我的</span><span lang=\"EN-US\" style=\"font-size: 9pt; font-family: \'Segoe UI\', sans-serif; color: #242529; letter-spacing: -0.2pt;\">&rdquo;</span><span style=\"font-size: 9pt; color: #242529; letter-spacing: -0.2pt;\">查看您的个人资料。通过</span><span lang=\"EN-US\" style=\"font-size: 9pt; font-family: \'Segoe UI\', sans-serif; color: #242529; letter-spacing: -0.2pt;\">&ldquo;</span><span style=\"font-size: 9pt; color: #242529; letter-spacing: -0.2pt;\">编辑资料</span><span lang=\"EN-US\" style=\"font-size: 9pt; font-family: \'Segoe UI\', sans-serif; color: #242529; letter-spacing: -0.2pt;\">&rdquo;</span><span style=\"font-size: 9pt; color: #242529; letter-spacing: -0.2pt;\">及</span><span lang=\"EN-US\" style=\"font-size: 9pt; font-family: \'Segoe UI\', sans-serif; color: #242529; letter-spacing: -0.2pt;\">&ldquo;</span><span style=\"font-size: 9pt; color: #242529; letter-spacing: -0.2pt;\">设置</span><span lang=\"EN-US\" style=\"font-size: 9pt; font-family: \'Segoe UI\', sans-serif; color: #242529; letter-spacing: -0.2pt;\">&rdquo;</span><span style=\"font-size: 9pt; color: #242529; letter-spacing: -0.2pt;\">对您的个人信息进行编辑和管理。</span></p>\r\n<p style=\"margin: 0cm 0cm 11.25pt; font-size: 12pt; font-family: 宋体; line-height: 14.25pt; -webkit-tap-highlight-color: rgba(0, 0, 0, 0); text-size-adjust: 100%;\"><strong style=\"-webkit-tap-highlight-color: transparent;\"><u style=\"-webkit-tap-highlight-color: transparent;\"><span style=\"font-size: 9pt; color: #242529; letter-spacing: -0.2pt;\">（二）更正或补充您的个人信息</span></u></strong></p>\r\n<p style=\"margin: 0cm 0cm 11.25pt; font-size: 12pt; font-family: 宋体; line-height: 14.25pt; -webkit-tap-highlight-color: rgba(0, 0, 0, 0); text-size-adjust: 100%;\"><span style=\"font-size: 9pt; color: #242529; letter-spacing: -0.2pt;\">当您发现我们处理的关于您的个人信息有错误时，您有权要求我们做出更正或补充。您可以通过</span><span lang=\"EN-US\" style=\"font-size: 9pt; font-family: \'Segoe UI\', sans-serif; color: #242529; letter-spacing: -0.2pt;\">&ldquo;</span><span style=\"font-size: 9pt; color: #242529; letter-spacing: -0.2pt;\">（一）访问您的个人信息</span><span lang=\"EN-US\" style=\"font-size: 9pt; font-family: \'Segoe UI\', sans-serif; color: #242529; letter-spacing: -0.2pt;\">&rdquo;</span><span style=\"font-size: 9pt; color: #242529; letter-spacing: -0.2pt;\">中列明的方式提出更正或补充申请。</span></p>\r\n<p style=\"margin: 0cm 0cm 11.25pt; font-size: 12pt; font-family: 宋体; line-height: 14.25pt; -webkit-tap-highlight-color: rgba(0, 0, 0, 0); text-size-adjust: 100%;\"><strong style=\"-webkit-tap-highlight-color: transparent;\"><u style=\"-webkit-tap-highlight-color: transparent;\"><span style=\"font-size: 9pt; color: #242529; letter-spacing: -0.2pt;\">（三）删除您的个人信息</span></u></strong></p>\r\n<p style=\"margin: 0cm 0cm 11.25pt; font-size: 12pt; font-family: 宋体; line-height: 14.25pt; -webkit-tap-highlight-color: rgba(0, 0, 0, 0); text-size-adjust: 100%;\"><span style=\"font-size: 9pt; color: #242529; letter-spacing: -0.2pt;\">您可以通过</span><span lang=\"EN-US\" style=\"font-size: 9pt; font-family: \'Segoe UI\', sans-serif; color: #242529; letter-spacing: -0.2pt;\">&ldquo;</span><span style=\"font-size: 9pt; color: #242529; letter-spacing: -0.2pt;\">（一）访问您的个人信息</span><span lang=\"EN-US\" style=\"font-size: 9pt; font-family: \'Segoe UI\', sans-serif; color: #242529; letter-spacing: -0.2pt;\">&rdquo;</span><span style=\"font-size: 9pt; color: #242529; letter-spacing: -0.2pt;\">中列明的方式删除您的部分个人信息。</span></p>\r\n<p style=\"margin: 0cm 0cm 11.25pt; font-size: 12pt; font-family: 宋体; line-height: 14.25pt; -webkit-tap-highlight-color: rgba(0, 0, 0, 0); text-size-adjust: 100%;\"><span style=\"font-size: 9pt; color: #242529; letter-spacing: -0.2pt;\">若我们决定响应您的删除请求，我们还将同时尽可能通知从我们处获得您的个人信息的主体，要求其及时删除，除非法律法规另有规定，或这些主体获得您的独立授权。</span></p>\r\n<p style=\"margin: 0cm 0cm 11.25pt; font-size: 12pt; font-family: 宋体; line-height: 14.25pt; -webkit-tap-highlight-color: rgba(0, 0, 0, 0); text-size-adjust: 100%;\"><span style=\"font-size: 9pt; color: #242529; letter-spacing: -0.2pt;\">当您从我们的服务中删除信息后，我们可能不会立即从备份系统中删除相应的信息，但会在备份更新时删除这些信息。</span></p>\r\n<p style=\"margin: 0cm 0cm 11.25pt; font-size: 12pt; font-family: 宋体; line-height: 14.25pt; -webkit-tap-highlight-color: rgba(0, 0, 0, 0); text-size-adjust: 100%;\"><span style=\"font-size: 9pt; color: #242529; letter-spacing: -0.2pt;\">（四）改变您授权同意的范围</span></p>\r\n<p style=\"margin: 0cm 0cm 11.25pt; font-size: 12pt; font-family: 宋体; line-height: 14.25pt; -webkit-tap-highlight-color: rgba(0, 0, 0, 0); text-size-adjust: 100%;\"><span style=\"font-size: 9pt; color: #242529; letter-spacing: -0.2pt;\">每个业务功能需要一些基本的个人信息才能得以完成。除此之外，对于额外个人信息的收集和使用，您可以在</span><span lang=\"EN-US\" style=\"font-size: 9pt; font-family: \'Segoe UI\', sans-serif; color: #242529; letter-spacing: -0.2pt;\">&ldquo;</span><span style=\"font-size: 9pt; color: #242529; letter-spacing: -0.2pt;\">设置</span><span lang=\"EN-US\" style=\"font-size: 9pt; font-family: \'Segoe UI\', sans-serif; color: #242529; letter-spacing: -0.2pt;\">&rdquo;</span><span style=\"font-size: 9pt; color: #242529; letter-spacing: -0.2pt;\">中或与我方平台客服联系给予或收回您的授权同意。</span></p>\r\n<p style=\"margin: 0cm 0cm 11.25pt; font-size: 12pt; font-family: 宋体; line-height: 14.25pt; -webkit-tap-highlight-color: rgba(0, 0, 0, 0); text-size-adjust: 100%;\"><span style=\"font-size: 9pt; color: #242529; letter-spacing: -0.2pt;\">当您收回同意后，我们将不再处理相应的个人信息。<strong style=\"-webkit-tap-highlight-color: transparent;\">但您收回同意的决定，不会影响此前基于您的授权而开展的个人信息处理。</strong></span></p>\r\n<p style=\"margin: 0cm 0cm 11.25pt; font-size: 12pt; font-family: 宋体; line-height: 14.25pt; -webkit-tap-highlight-color: rgba(0, 0, 0, 0); text-size-adjust: 100%;\"><span style=\"font-size: 9pt; color: #242529; letter-spacing: -0.2pt;\">（五）个人信息主体注销账户</span></p>\r\n<p style=\"margin: 0cm 0cm 11.25pt; font-size: 12pt; font-family: 宋体; line-height: 14.25pt; -webkit-tap-highlight-color: rgba(0, 0, 0, 0); text-size-adjust: 100%;\"><span style=\"font-size: 9pt; color: #242529; letter-spacing: -0.2pt;\">如您需要注销的话，也可联系我方平台客服，客服在核实用户身份后，会进行释放用户的手机和邮箱，达到注销的效果。</span></p>\r\n<p style=\"margin: 0cm 0cm 11.25pt; font-size: 12pt; font-family: 宋体; line-height: 14.25pt; -webkit-tap-highlight-color: rgba(0, 0, 0, 0); text-size-adjust: 100%;\"><span style=\"font-size: 9pt; color: #242529; letter-spacing: -0.2pt;\">在您主动注销账户之后，我们将停止为您提供产品或服务，根据适用法律的要求删除您的个人信息，或使其匿名化处理。</span></p>\r\n<p style=\"margin: 0cm 0cm 11.25pt; font-size: 12pt; font-family: 宋体; line-height: 14.25pt; -webkit-tap-highlight-color: rgba(0, 0, 0, 0); text-size-adjust: 100%;\"><span style=\"font-size: 9pt; color: #242529; letter-spacing: -0.2pt;\">（六）约束信息系统自动决策</span></p>\r\n<p style=\"margin: 0cm 0cm 11.25pt; font-size: 12pt; font-family: 宋体; line-height: 14.25pt; -webkit-tap-highlight-color: rgba(0, 0, 0, 0); text-size-adjust: 100%;\"><span style=\"font-size: 9pt; color: #242529; letter-spacing: -0.2pt;\">在某些业务功能中，我们可能仅依据信息系统、算法等在内的非人工自动决策机制做出决定。如果这些决定显著影响您的合法权益，您有权要求我们做出解释，我们也将在不侵害我方平台商业秘密或其他用户权益、社会公共利益的前提下提供申诉方法。</span></p>\r\n<p style=\"margin: 0cm 0cm 11.25pt; font-size: 12pt; font-family: 宋体; line-height: 14.25pt; -webkit-tap-highlight-color: rgba(0, 0, 0, 0); text-size-adjust: 100%;\"><span style=\"font-size: 9pt; color: #242529; letter-spacing: -0.2pt;\">（七）响应您的上述请求</span></p>\r\n<p style=\"margin: 0cm 0cm 11.25pt; font-size: 12pt; font-family: 宋体; line-height: 14.25pt; -webkit-tap-highlight-color: rgba(0, 0, 0, 0); text-size-adjust: 100%;\"><span style=\"font-size: 9pt; color: #242529; letter-spacing: -0.2pt;\">为保障安全，您可能需要提供书面请求，或以其他方式证明您的身份。我们可能会先要求您验证自己的身份，然后再处理您的请求。</span></p>\r\n<p style=\"margin: 0cm 0cm 11.25pt; font-size: 12pt; font-family: 宋体; line-height: 14.25pt; -webkit-tap-highlight-color: rgba(0, 0, 0, 0); text-size-adjust: 100%;\"><span style=\"font-size: 9pt; color: #242529; letter-spacing: -0.2pt;\">我们将在</span><span lang=\"EN-US\" style=\"font-size: 9pt; font-family: \'Segoe UI\', sans-serif; color: #242529; letter-spacing: -0.2pt;\">15</span><span style=\"font-size: 9pt; color: #242529; letter-spacing: -0.2pt;\">天内做出答复。如您不满意，还可以通过我方平台客服发起投诉。</span></p>\r\n<p style=\"margin: 0cm 0cm 11.25pt; font-size: 12pt; font-family: 宋体; line-height: 14.25pt; -webkit-tap-highlight-color: rgba(0, 0, 0, 0); text-size-adjust: 100%;\"><span style=\"font-size: 9pt; color: #242529; letter-spacing: -0.2pt;\">对于您合理的请求，我们原则上不收取费用，但对多次重复、超出合理限度的请求，我们将视情收取一定成本费用。对于那些无端重复、需要过多技术手段（例如，需要开发新系统或从根本上改变现行惯例）、给他人合法权益带来风险或者非常不切实际的请求，我们可能会予以拒绝。</span></p>\r\n<p style=\"margin: 0cm 0cm 11.25pt; font-size: 12pt; font-family: 宋体; line-height: 14.25pt; -webkit-tap-highlight-color: rgba(0, 0, 0, 0); text-size-adjust: 100%;\"><span style=\"font-size: 9pt; color: #242529; letter-spacing: -0.2pt;\">在以下情形中，按照法律法规要求，我们将无法响应您的请求：</span><span lang=\"EN-US\" style=\"font-size: 9pt; font-family: \'Segoe UI\', sans-serif; color: #242529; letter-spacing: -0.2pt;\"><br style=\"-webkit-tap-highlight-color: transparent;\" />&emsp;1) </span><span style=\"font-size: 9pt; color: #242529; letter-spacing: -0.2pt;\">与国家安全、国防安全有关的；</span><span lang=\"EN-US\" style=\"font-size: 9pt; font-family: \'Segoe UI\', sans-serif; color: #242529; letter-spacing: -0.2pt;\"><br style=\"-webkit-tap-highlight-color: transparent;\" />&emsp;2) </span><span style=\"font-size: 9pt; color: #242529; letter-spacing: -0.2pt;\">与公共安全、公共卫生、重大公共利益有关的；</span><span lang=\"EN-US\" style=\"font-size: 9pt; font-family: \'Segoe UI\', sans-serif; color: #242529; letter-spacing: -0.2pt;\"><br style=\"-webkit-tap-highlight-color: transparent;\" />&emsp;3) </span><span style=\"font-size: 9pt; color: #242529; letter-spacing: -0.2pt;\">与犯罪侦查、起诉、审判和执行判决等有关的；</span><span lang=\"EN-US\" style=\"font-size: 9pt; font-family: \'Segoe UI\', sans-serif; color: #242529; letter-spacing: -0.2pt;\"><br style=\"-webkit-tap-highlight-color: transparent;\" />&emsp;4) </span><span style=\"font-size: 9pt; color: #242529; letter-spacing: -0.2pt;\">有充分证据表明个人信息主体存在主观恶意或滥用权利的；</span><span lang=\"EN-US\" style=\"font-size: 9pt; font-family: \'Segoe UI\', sans-serif; color: #242529; letter-spacing: -0.2pt;\"><br style=\"-webkit-tap-highlight-color: transparent;\" />&emsp;5) </span><span style=\"font-size: 9pt; color: #242529; letter-spacing: -0.2pt;\">响应您的请求将导致您或其他个人、组织的合法权益受到严重损害的；</span><span lang=\"EN-US\" style=\"font-size: 9pt; font-family: \'Segoe UI\', sans-serif; color: #242529; letter-spacing: -0.2pt;\"><br style=\"-webkit-tap-highlight-color: transparent;\" />&emsp;6) </span><span style=\"font-size: 9pt; color: #242529; letter-spacing: -0.2pt;\">涉及商业秘密的。</span></p>\r\n<h3 style=\"margin: 0cm 0cm 11.25pt; line-height: 36.6933px; break-after: avoid; font-size: 16pt; font-family: Calibri, sans-serif; -webkit-tap-highlight-color: rgba(0, 0, 0, 0); text-size-adjust: 100%;\"><span style=\"font-size: 10.5pt; line-height: 24.08px; font-family: 宋体; color: #242529; letter-spacing: -0.25pt;\">九、您的个人信息如何在全球范围转移</span></h3>\r\n<p style=\"margin: 0cm 0cm 11.25pt; font-size: 12pt; font-family: 宋体; line-height: 14.25pt; -webkit-tap-highlight-color: rgba(0, 0, 0, 0); text-size-adjust: 100%;\"><span style=\"font-size: 9pt; color: #242529; letter-spacing: -0.2pt;\">我们在中华人民共和国境内运营中收集和产生的个人信息，存储在中国境内，以下情形除外：</span><span lang=\"EN-US\" style=\"font-size: 9pt; font-family: \'Segoe UI\', sans-serif; color: #242529; letter-spacing: -0.2pt;\"><br style=\"-webkit-tap-highlight-color: transparent;\" />1. </span><span style=\"font-size: 9pt; color: #242529; letter-spacing: -0.2pt;\">法律法规有明确规定；</span><span lang=\"EN-US\" style=\"font-size: 9pt; font-family: \'Segoe UI\', sans-serif; color: #242529; letter-spacing: -0.2pt;\"><br style=\"-webkit-tap-highlight-color: transparent;\" />2. </span><span style=\"font-size: 9pt; color: #242529; letter-spacing: -0.2pt;\">获得您的明确授权；</span><span lang=\"EN-US\" style=\"font-size: 9pt; font-family: \'Segoe UI\', sans-serif; color: #242529; letter-spacing: -0.2pt;\"><br style=\"-webkit-tap-highlight-color: transparent;\" /></span><span style=\"font-size: 9pt; color: #242529; letter-spacing: -0.2pt;\">针对以上情形，我们会确保依据本隐私政策对您的个人信息提供足够的保护。</span></p>\r\n<h3 style=\"margin: 0cm 0cm 11.25pt; line-height: 36.6933px; break-after: avoid; font-size: 16pt; font-family: Calibri, sans-serif; -webkit-tap-highlight-color: rgba(0, 0, 0, 0); text-size-adjust: 100%;\"><span style=\"font-size: 10.5pt; line-height: 24.08px; font-family: 宋体; color: #242529; letter-spacing: -0.25pt;\">十、本隐私政策的修订和更新</span></h3>\r\n<p style=\"margin: 0cm 0cm 11.25pt; font-size: 12pt; font-family: 宋体; line-height: 14.25pt; -webkit-tap-highlight-color: rgba(0, 0, 0, 0); text-size-adjust: 100%;\"><span style=\"font-size: 9pt; color: #242529; letter-spacing: -0.2pt;\">我方平台有权修改隐私政策并在修订生效前通过我方平台公告或以其他适当方式通知您。该等情况下，若您继续使用我们的服务，即表示同意受经修订的我方平台隐私政策的约束。</span></p>\r\n<h3 style=\"margin: 0cm 0cm 11.25pt; line-height: 36.6933px; break-after: avoid; font-size: 16pt; font-family: Calibri, sans-serif; -webkit-tap-highlight-color: rgba(0, 0, 0, 0); text-size-adjust: 100%;\"><span style=\"font-size: 10.5pt; line-height: 24.08px; font-family: 宋体; color: #242529; letter-spacing: -0.25pt;\">十一、如何联系我们</span></h3>\r\n<p style=\"margin: 0cm 0cm 11.25pt; font-size: 12pt; font-family: 宋体; line-height: 14.25pt; -webkit-tap-highlight-color: rgba(0, 0, 0, 0); text-size-adjust: 100%;\"><span style=\"font-size: 9pt; color: #242529; letter-spacing: -0.2pt;\">（一）lnksns运营主体及个人信息保护负责人：</span><span lang=\"EN-US\" style=\"font-size: 9pt; font-family: \'Segoe UI\', sans-serif; color: #242529; letter-spacing: -0.2pt;\"><br style=\"-webkit-tap-highlight-color: transparent;\" /></span><span style=\"font-size: 9pt; color: #242529; letter-spacing: -0.2pt;\">名称：深圳科技有限公司</span><span lang=\"EN-US\" style=\"font-size: 9pt; font-family: \'Segoe UI\', sans-serif; color: #242529; letter-spacing: -0.2pt;\"><br style=\"-webkit-tap-highlight-color: transparent;\" /></span><span style=\"font-size: 9pt; color: #242529; letter-spacing: -0.2pt;\">注册地：广东省深圳市龙岗区</span></p>\r\n<p style=\"margin: 0cm 0cm 11.25pt; font-size: 12pt; font-family: 宋体; line-height: 14.25pt; -webkit-tap-highlight-color: rgba(0, 0, 0, 0); text-size-adjust: 100%;\"><span style=\"font-size: 9pt; color: #242529; letter-spacing: -0.2pt;\">（二）您可以通过以下方式与我们联系，我们将在十五（</span><span lang=\"EN-US\" style=\"font-size: 9pt; font-family: \'Segoe UI\', sans-serif; color: #242529; letter-spacing: -0.2pt;\">15</span><span style=\"font-size: 9pt; color: #242529; letter-spacing: -0.2pt;\">）个工作日内回复您的请求；</span><span lang=\"EN-US\" style=\"font-size: 9pt; font-family: \'Segoe UI\', sans-serif; color: #242529; letter-spacing: -0.2pt;\"><br style=\"-webkit-tap-highlight-color: transparent;\" />1. </span><span style=\"font-size: 9pt; color: #242529; letter-spacing: -0.2pt;\">如对本政策内容有任何疑问、意见或建议，您可通过发送电子邮件至</span><span lang=\"EN-US\" style=\"font-size: 9pt; font-family: \'Segoe UI\', sans-serif; color: #242529; letter-spacing: -0.2pt;\">lnksns@lnksns.com</span><span style=\"font-size: 9pt; color: #242529; letter-spacing: -0.2pt;\">与我们联系；</span><span lang=\"EN-US\" style=\"font-size: 9pt; font-family: \'Segoe UI\', sans-serif; color: #242529; letter-spacing: -0.2pt;\"><br style=\"-webkit-tap-highlight-color: transparent;\" />2.</span><span style=\"font-size: 9pt; color: #242529; letter-spacing: -0.2pt;\">如果您认为我们的个人信息处理行为损害了您的合法权益，您还可以通过向被告住所地有管辖权的法院提起诉讼来寻求解决。</span></p>', 1, 0, 1692526398, NULL);
COMMIT;

-- ----------------------------
-- Table structure for __PREFIX__free_dynamic
-- ----------------------------
DROP TABLE IF EXISTS `__PREFIX__free_dynamic`;
CREATE TABLE `__PREFIX__free_dynamic` (
  `id` bigint(20) unsigned NOT NULL AUTO_INCREMENT,
  `user_id` int(11) NOT NULL COMMENT '用户ID',
  `content` text COLLATE utf8mb4_unicode_ci NOT NULL COMMENT '内容',
  `circle_id` int(11) NOT NULL COMMENT '圈子ID',
  `circle_name` varchar(20) COLLATE utf8mb4_unicode_ci NOT NULL DEFAULT '' COMMENT '圈子名称',
  `ip` varchar(128) COLLATE utf8mb4_unicode_ci DEFAULT '' COMMENT 'ip',
  `lat` varchar(50) COLLATE utf8mb4_unicode_ci DEFAULT '' COMMENT '纬度',
  `lng` varchar(50) COLLATE utf8mb4_unicode_ci DEFAULT '' COMMENT '经度',
  `country` varchar(50) COLLATE utf8mb4_unicode_ci DEFAULT '' COMMENT '国家',
  `province` varchar(50) COLLATE utf8mb4_unicode_ci DEFAULT '' COMMENT '省',
  `city` varchar(50) COLLATE utf8mb4_unicode_ci DEFAULT '' COMMENT '市',
  `district` varchar(50) COLLATE utf8mb4_unicode_ci DEFAULT '' COMMENT '区',
  `view` int(11) DEFAULT '0' COMMENT '浏览',
  `adds` varchar(128) COLLATE utf8mb4_unicode_ci DEFAULT '' COMMENT '位置',
  `top` tinyint(1) NOT NULL DEFAULT '0' COMMENT '置顶',
  `show` tinyint(1) NOT NULL DEFAULT '1' COMMENT '展示',
  `type` tinyint(1) NOT NULL DEFAULT '1' COMMENT '类型',
  `status` tinyint(1) NOT NULL DEFAULT '1' COMMENT '状态',
  `weigh` int(11) NOT NULL DEFAULT '0' COMMENT '权重',
  `create_time` int(11) DEFAULT NULL COMMENT '创建时间',
  `update_time` int(11) DEFAULT NULL COMMENT '更新时间',
  PRIMARY KEY (`id`) USING BTREE,
  KEY `_id` (`id`)
) ENGINE=InnoDB AUTO_INCREMENT=16 DEFAULT CHARSET=utf8mb4 COLLATE=utf8mb4_unicode_ci COMMENT='动态表';

-- ----------------------------
-- Records of __PREFIX__free_dynamic
-- ----------------------------
BEGIN;
INSERT INTO `__PREFIX__free_dynamic` VALUES (1, 100001, 'time, tabbar4g main pages will be merged. Each corresponding navigation has a brand specific illustration design. The customer is very satisfied with the current design concept and has added many interesting emotional designs after meeting the functionality of chat. Many chat applications in the benchmarking market have undergone significant visual and interactive differentiation.', 2, 'UI', '127.0.0.1', '', '', '', '', '', '', 1, '', 1, 1, 1, 1, 1, 1693400638, NULL);
INSERT INTO `__PREFIX__free_dynamic` VALUES (6, 100001, '3D Building\n\nHave a project in mind?', 7, '空间', '127.0.0.1', '23.12908', '113.26436', '', '', '', '', 1, '', 1, 1, 1, 1, 1, 1693400638, NULL);
INSERT INTO `__PREFIX__free_dynamic` VALUES (7, 100001, 'An eLearning dashboard is a useful tool which allows visitors to easily monitor their progress.  Maintain tabs on data with a detailed analysis on time spent on activities, developed skills, success in your courses, and overall performance.', 3, '网页', '127.0.0.1', '', '', '', '', '', '', 1, '', 1, 1, 1, 1, 1, 1693401052, NULL);
INSERT INTO `__PREFIX__free_dynamic` VALUES (8, 100001, '点单APP\n\n#美食  #M记', 2, 'UI', '127.0.0.1', '', '', '', '', '', '', 0, '', 1, 1, 1, 1, 0, 1693401303, NULL);
INSERT INTO `__PREFIX__free_dynamic` VALUES (9, 100001, 'Active Windows\n\n@Željka Živković\n\n#插画', 4, '插画', '127.0.0.1', '', '', '', '', '', '', 1, '', 1, 1, 1, 1, 1, 1693466187, NULL);
INSERT INTO `__PREFIX__free_dynamic` VALUES (10, 100002, 'Girl character illo I created recently for my Instagram challenge. Hope you like it!\n\nWould like to get in touch? Don\'t hesitate to drop me a line at zeljka.illustrates@gmail.com', 4, '插画', '127.0.0.1', '', '', '', '', '', '', 0, '', 1, 1, 1, 1, 0, 1693466337, NULL);
INSERT INTO `__PREFIX__free_dynamic` VALUES (11, 100000, '关键词：cute girl falling uncontrollably from sky towards ground , in a futuristic cargo sky city, large cargo space ships in the sky, vibrant colors, anime inspired, wide camera angle looking upwards, planet earth in the background', 13, 'AI创作', '127.0.0.1', '', '', '', '', '', '', 134, '', 1, 1, 1, 1, 144, 1693546128, 1693574039);
INSERT INTO `__PREFIX__free_dynamic` VALUES (12, 100000, '关键词：wolfcon, black cat, cat, castle, short hair, building, cloud, sky, plant, outdoors,', 13, 'AI创作', '127.0.0.1', '22.3211', '114.16675', '', '', '', '', 15, '旺角', 1, 1, 1, 1, 15, 1693546756, NULL);
INSERT INTO `__PREFIX__free_dynamic` VALUES (13, 100001, '3D Pokémon Fire Red\n#动漫', 1, '平面', '127.0.0.1', '', '', '', '', '', '', 0, '', 1, 1, 1, 1, 0, 1693550678, NULL);
INSERT INTO `__PREFIX__free_dynamic` VALUES (14, 100001, 'Mengobrol - Chat App\n#UI', 2, 'UI', '127.0.0.1', '', '', '', '', '', '', 2, '', 1, 1, 1, 1, 2, 1693551018, NULL);
INSERT INTO `__PREFIX__free_dynamic` VALUES (15, 100001, 'Cocode - AI Image Mobile App 🤖️\n#UI', 2, 'UI', '127.0.0.1', '', '', '', '', '', '', 8, '', 1, 1, 1, 1, 8, 1693551234, NULL);
COMMIT;

-- ----------------------------
-- Table structure for __PREFIX__free_dynamic_comment
-- ----------------------------
DROP TABLE IF EXISTS `__PREFIX__free_dynamic_comment`;
CREATE TABLE `__PREFIX__free_dynamic_comment` (
  `id` bigint(20) unsigned NOT NULL AUTO_INCREMENT,
  `dynamic_id` int(11) NOT NULL COMMENT '动态ID',
  `user_id` int(11) NOT NULL COMMENT '用户ID',
  `reply_user_id` int(11) DEFAULT NULL COMMENT '回复的用户ID',
  `reply_comment_id` int(11) DEFAULT NULL COMMENT '回复的评论ID',
  `content` text COLLATE utf8mb4_unicode_ci COMMENT '回复内容',
  `ip` varchar(128) COLLATE utf8mb4_unicode_ci DEFAULT '' COMMENT 'ip',
  `lat` varchar(50) COLLATE utf8mb4_unicode_ci DEFAULT '' COMMENT '纬度',
  `lng` varchar(50) COLLATE utf8mb4_unicode_ci DEFAULT '' COMMENT '经度',
  `country` varchar(50) COLLATE utf8mb4_unicode_ci DEFAULT '' COMMENT '国家',
  `province` varchar(50) COLLATE utf8mb4_unicode_ci DEFAULT '' COMMENT '省',
  `city` varchar(50) COLLATE utf8mb4_unicode_ci DEFAULT '' COMMENT '市',
  `district` varchar(50) COLLATE utf8mb4_unicode_ci DEFAULT '' COMMENT '区',
  `type` tinyint(1) NOT NULL DEFAULT '0' COMMENT '类型',
  `status` tinyint(1) NOT NULL DEFAULT '0' COMMENT '状态',
  `weigh` int(11) NOT NULL DEFAULT '0' COMMENT '权重',
  `create_time` int(11) DEFAULT NULL COMMENT '创建时间',
  `update_time` int(11) DEFAULT NULL COMMENT '更新时间',
  PRIMARY KEY (`id`) USING BTREE,
  KEY `_dynamic_id` (`dynamic_id`)
) ENGINE=InnoDB AUTO_INCREMENT=14 DEFAULT CHARSET=utf8mb4 COLLATE=utf8mb4_unicode_ci COMMENT='动态评论表';

-- ----------------------------
-- Records of __PREFIX__free_dynamic_comment
-- ----------------------------
BEGIN;
INSERT INTO `__PREFIX__free_dynamic_comment` VALUES (1, 11, 100000, 0, 0, 'Green girl', '', '', '', '', '', '', '', 1, 1, 0, 1693581812, NULL);
INSERT INTO `__PREFIX__free_dynamic_comment` VALUES (4, 11, 100000, 100000, 1, '第一条', '', '', '', '', '', '', '', 1, 1, 0, 1693582864, NULL);
INSERT INTO `__PREFIX__free_dynamic_comment` VALUES (5, 11, 100000, 100000, 1, '第二条', '', '', '', '', '', '', '', 1, 1, 0, 1693582864, NULL);
INSERT INTO `__PREFIX__free_dynamic_comment` VALUES (6, 11, 100000, 100000, 1, '第三条', '', '', '', '', '', '', '', 1, 1, 0, 1693582864, NULL);
INSERT INTO `__PREFIX__free_dynamic_comment` VALUES (7, 11, 100000, 100000, 1, '第四条', '', '', '', '', '', '', '', 1, 1, 0, 1693582872, NULL);
INSERT INTO `__PREFIX__free_dynamic_comment` VALUES (10, 11, 100000, 100000, 1, '第五条', '', '', '', '', '', '', '', 1, 1, 0, 1693583241, NULL);
INSERT INTO `__PREFIX__free_dynamic_comment` VALUES (11, 11, 100000, 100000, 1, '第六条', '', '', '', '', '', '', '', 1, 1, 0, 1693583363, NULL);
INSERT INTO `__PREFIX__free_dynamic_comment` VALUES (12, 11, 100000, 0, 0, '🎉🎉🎉', '', '', '', '', '', '', '', 1, 1, 0, 1693584057, NULL);
INSERT INTO `__PREFIX__free_dynamic_comment` VALUES (13, 12, 100000, 0, 0, '🎉🎉🎉', '', '', '', '', '', '', '', 1, 1, 0, 1693588944, NULL);
COMMIT;

-- ----------------------------
-- Table structure for __PREFIX__free_dynamic_img
-- ----------------------------
DROP TABLE IF EXISTS `__PREFIX__free_dynamic_img`;
CREATE TABLE `__PREFIX__free_dynamic_img` (
  `id` bigint(20) unsigned NOT NULL AUTO_INCREMENT,
  `url` varchar(255) COLLATE utf8mb4_unicode_ci NOT NULL DEFAULT '' COMMENT '地址',
  `wide` varchar(255) COLLATE utf8mb4_unicode_ci NOT NULL DEFAULT '' COMMENT '宽',
  `high` varchar(255) COLLATE utf8mb4_unicode_ci NOT NULL DEFAULT '' COMMENT '高',
  `dynamic_id` int(11) NOT NULL COMMENT '动态ID',
  `user_id` int(11) NOT NULL COMMENT '用户ID',
  `status` tinyint(1) NOT NULL DEFAULT '0' COMMENT '状态',
  `weigh` int(11) NOT NULL DEFAULT '0' COMMENT '权重',
  `create_time` int(11) DEFAULT NULL COMMENT '创建时间',
  `update_time` int(11) DEFAULT NULL COMMENT '更新时间',
  PRIMARY KEY (`id`) USING BTREE,
  KEY `_dynamic_id` (`dynamic_id`)
) ENGINE=InnoDB AUTO_INCREMENT=21 DEFAULT CHARSET=utf8mb4 COLLATE=utf8mb4_unicode_ci COMMENT='动态图片表';

-- ----------------------------
-- Records of __PREFIX__free_dynamic_img
-- ----------------------------
BEGIN;
INSERT INTO `__PREFIX__free_dynamic_img` VALUES (1, '/uploads/images/20230830/20230830210243390dc3429.jpeg', '2048', '1536', 6, 100001, 1, 0, NULL, NULL);
INSERT INTO `__PREFIX__free_dynamic_img` VALUES (2, '/uploads/images/20230830/20230830211040098460559.png', '2048', '1536', 7, 100001, 1, 0, NULL, NULL);
INSERT INTO `__PREFIX__free_dynamic_img` VALUES (3, '/uploads/images/20230830/20230830211452e3acd3120.jpg', '1600', '1200', 8, 100001, 1, 0, NULL, NULL);
INSERT INTO `__PREFIX__free_dynamic_img` VALUES (4, '/uploads/images/20230830/202308302114549dde41805.jpg', '1600', '1200', 8, 100001, 1, 1, NULL, NULL);
INSERT INTO `__PREFIX__free_dynamic_img` VALUES (5, '/uploads/images/20230831/202308311515341befb3180.jpeg', '1600', '1200', 9, 100001, 1, 0, NULL, NULL);
INSERT INTO `__PREFIX__free_dynamic_img` VALUES (6, '/uploads/images/20230831/202308311515399f0b70157.jpeg', '1600', '1200', 9, 100001, 1, 1, NULL, NULL);
INSERT INTO `__PREFIX__free_dynamic_img` VALUES (7, '/uploads/images/20230831/20230831151832ab52a3573.jpeg', '1600', '1200', 10, 100001, 1, 0, NULL, NULL);
INSERT INTO `__PREFIX__free_dynamic_img` VALUES (8, '/uploads/images/20230831/202308311518330a92b2096.jpeg', '1598', '1200', 10, 100001, 1, 1, NULL, NULL);
INSERT INTO `__PREFIX__free_dynamic_img` VALUES (9, '/uploads/images/20230831/20230831151835017b82257.jpeg', '1600', '1200', 10, 100001, 1, 2, NULL, NULL);
INSERT INTO `__PREFIX__free_dynamic_img` VALUES (11, '/uploads/images/20230901/202309011338186f4155935.jpeg', '1024', '1024', 12, 100000, 1, 0, NULL, NULL);
INSERT INTO `__PREFIX__free_dynamic_img` VALUES (12, '/uploads/images/20230901/2023090114433702c445605.png', '1504', '1128', 13, 100001, 1, 0, NULL, NULL);
INSERT INTO `__PREFIX__free_dynamic_img` VALUES (13, '/uploads/images/20230901/20230901144956253d53016.png', '1504', '1128', 14, 100001, 1, 0, NULL, NULL);
INSERT INTO `__PREFIX__free_dynamic_img` VALUES (14, '/uploads/images/20230901/202309011449558507b9995.png', '1504', '1128', 14, 100001, 1, 1, NULL, NULL);
INSERT INTO `__PREFIX__free_dynamic_img` VALUES (15, '/uploads/images/20230901/20230901144954885896424.png', '1504', '1128', 14, 100001, 1, 2, NULL, NULL);
INSERT INTO `__PREFIX__free_dynamic_img` VALUES (16, '/uploads/images/20230901/202309011450003abeb4944.png', '2048', '1536', 14, 100001, 1, 3, NULL, NULL);
INSERT INTO `__PREFIX__free_dynamic_img` VALUES (17, '/uploads/images/20230901/20230901145205c18657443.png', '1504', '1128', 15, 100001, 1, 0, NULL, NULL);
INSERT INTO `__PREFIX__free_dynamic_img` VALUES (18, '/uploads/images/20230901/2023090114520348f386056.png', '1504', '1128', 15, 100001, 1, 1, NULL, NULL);
INSERT INTO `__PREFIX__free_dynamic_img` VALUES (19, '/uploads/images/20230901/202309011452006291c6519.png', '1504', '1128', 15, 100001, 1, 2, NULL, NULL);
INSERT INTO `__PREFIX__free_dynamic_img` VALUES (20, '/uploads/images/20230901/202309011328308e4c15155.jpeg', '1792', '2688', 11, 100000, 1, 0, NULL, NULL);
COMMIT;

-- ----------------------------
-- Table structure for __PREFIX__free_message
-- ----------------------------
DROP TABLE IF EXISTS `__PREFIX__free_message`;
CREATE TABLE `__PREFIX__free_message` (
  `id` bigint(20) unsigned NOT NULL AUTO_INCREMENT,
  `launch_id` int(11) NOT NULL COMMENT '发起人ID',
  `user_id` int(11) NOT NULL COMMENT '接收人ID',
  `title` varchar(20) COLLATE utf8mb4_unicode_ci NOT NULL DEFAULT '0' COMMENT '标题',
  `content` text COLLATE utf8mb4_unicode_ci NOT NULL COMMENT '内容',
  `img` varchar(255) COLLATE utf8mb4_unicode_ci DEFAULT '0' COMMENT '图片',
  `avatar_url` varchar(255) COLLATE utf8mb4_unicode_ci DEFAULT NULL COMMENT '头像跳转地址',
  `content_url` varchar(255) COLLATE utf8mb4_unicode_ci DEFAULT NULL COMMENT '内容跳转地址',
  `read` tinyint(1) unsigned zerofill NOT NULL DEFAULT '0' COMMENT '读',
  `type` tinyint(1) NOT NULL DEFAULT '0' COMMENT '类型',
  `status` tinyint(1) NOT NULL DEFAULT '0' COMMENT '状态',
  `weigh` int(11) NOT NULL DEFAULT '0' COMMENT '权重',
  `create_time` int(11) DEFAULT NULL COMMENT '创建时间',
  `update_time` int(11) DEFAULT NULL COMMENT '更新时间',
  PRIMARY KEY (`id`) USING BTREE,
  KEY `_user_id` (`user_id`)
) ENGINE=InnoDB AUTO_INCREMENT=10 DEFAULT CHARSET=utf8mb4 COLLATE=utf8mb4_unicode_ci COMMENT='消息表';

-- ----------------------------
-- Records of __PREFIX__free_message
-- ----------------------------
BEGIN;
INSERT INTO `__PREFIX__free_message` VALUES (4, 100001, 100000, '收到关注', 'dribbble 关注了你。', '', '/pages/user/details?id=100001', '', 1, 0, 1, 0, 1693549252, NULL);
INSERT INTO `__PREFIX__free_message` VALUES (9, 100000, 100000, '评论了你的动态', '🎉🎉🎉', '/uploads/images/20230901/202309011338186f4155935.jpeg', '/pages/user/details?id=100000', '/pages/dynamic/details?id=12', 0, 2, 1, 0, 1693588944, NULL);
COMMIT;

-- ----------------------------
-- Table structure for __PREFIX__free_user
-- ----------------------------
DROP TABLE IF EXISTS `__PREFIX__free_user`;
CREATE TABLE `__PREFIX__free_user` (
  `id` bigint(20) unsigned NOT NULL AUTO_INCREMENT,
  `name` varchar(50) COLLATE utf8mb4_unicode_ci NOT NULL DEFAULT '' COMMENT '名称',
  `avatar` varchar(255) COLLATE utf8mb4_unicode_ci NOT NULL DEFAULT '' COMMENT '头像',
  `gender` tinyint(1) unsigned zerofill DEFAULT '0' COMMENT '性别',
  `age` varchar(10) COLLATE utf8mb4_unicode_ci DEFAULT NULL COMMENT '年龄',
  `career` varchar(20) CHARACTER SET utf8 DEFAULT '' COMMENT '职业',
  `mobile` varchar(20) CHARACTER SET utf8 DEFAULT '' COMMENT '电话',
  `ip` varchar(128) COLLATE utf8mb4_unicode_ci DEFAULT '' COMMENT 'ip',
  `lat` varchar(50) COLLATE utf8mb4_unicode_ci DEFAULT '' COMMENT '纬度',
  `lng` varchar(50) COLLATE utf8mb4_unicode_ci DEFAULT '' COMMENT '经度',
  `country` varchar(50) COLLATE utf8mb4_unicode_ci DEFAULT '' COMMENT '国家',
  `province` varchar(50) COLLATE utf8mb4_unicode_ci DEFAULT '' COMMENT '省',
  `city` varchar(50) COLLATE utf8mb4_unicode_ci DEFAULT '' COMMENT '市',
  `district` varchar(50) COLLATE utf8mb4_unicode_ci DEFAULT '' COMMENT '区',
  `weixin_openid` varchar(255) COLLATE utf8mb4_unicode_ci DEFAULT '' COMMENT '微信openid',
  `status` tinyint(1) NOT NULL DEFAULT '1' COMMENT '状态',
  `weigh` int(11) NOT NULL DEFAULT '0' COMMENT '权重',
  `create_time` int(11) DEFAULT NULL COMMENT '创建时间',
  `update_time` int(11) DEFAULT NULL COMMENT '更新时间',
  PRIMARY KEY (`id`) USING BTREE,
  KEY `_id` (`id`)
) ENGINE=InnoDB AUTO_INCREMENT=100010 DEFAULT CHARSET=utf8mb4 COLLATE=utf8mb4_unicode_ci COMMENT='用户表';

-- ----------------------------
-- Records of __PREFIX__free_user
-- ----------------------------
BEGIN;
INSERT INTO `__PREFIX__free_user` VALUES (100000, 'dribbble', '/uploads/images/20230831/202308311511354dbf06906.jpg', 1, '95后', '设计爱好者', '', '127.0.0.1', '', '', '', '', '', '', 'oi8yL5I8spoqKzPWcpfIi2o5ymY4', 1, 0, 1692876866, 1693545074);
INSERT INTO `__PREFIX__free_user` VALUES (100001, '用户245613', '/static/images/avatar.png', 0, '10后', '设计爱好者', '', '127.0.0.1', '', '', '', '', '', '', '', 1, 0, 1692952432, NULL);
INSERT INTO `__PREFIX__free_user` VALUES (100002, '用户538613', '/static/images/avatar.png', 0, '10后', '设计爱好者', '', '127.0.0.1', '', '', '', '', '', '', '', 1, 0, 1692954325, NULL);
INSERT INTO `__PREFIX__free_user` VALUES (100003, '用户456746', '/static/images/avatar.png', 0, '10后', '设计爱好者', '', '127.0.0.1', '', '', '', '', '', '', '', 1, 0, 1692958066, NULL);
INSERT INTO `__PREFIX__free_user` VALUES (100004, '用户363534', '/static/images/avatar.png', 0, '10后', '设计爱好者', '', '127.0.0.1', '', '', '', '', '', '', '', 1, 0, 1692952345, NULL);
INSERT INTO `__PREFIX__free_user` VALUES (100005, '用户897985', '/static/images/avatar.png', 0, '10后', '设计爱好者', '', '127.0.0.1', '', '', '', '', '', '', '', 1, 0, 1692951234, NULL);
INSERT INTO `__PREFIX__free_user` VALUES (100006, '用户365434', '/static/images/avatar.png', 0, '10后', '设计爱好者', '', '127.0.0.1', '', '', '', '', '', '', '', 1, 0, 1692953456, NULL);
INSERT INTO `__PREFIX__free_user` VALUES (100007, '用户345345', '/static/images/avatar.png', 0, '10后', '设计爱好者', '', '127.0.0.1', '', '', '', '', '', '', '', 1, 0, 1692956754, NULL);
INSERT INTO `__PREFIX__free_user` VALUES (100008, '用户554345', '/static/images/avatar.png', 0, '10后', '设计爱好者', '', '127.0.0.1', '', '', '', '', '', '', '', 1, 0, 1692959877, NULL);
COMMIT;

-- ----------------------------
-- Table structure for __PREFIX__free_user_follow
-- ----------------------------
DROP TABLE IF EXISTS `__PREFIX__free_user_follow`;
CREATE TABLE `__PREFIX__free_user_follow` (
  `id` bigint(20) unsigned NOT NULL AUTO_INCREMENT,
  `user_id` int(11) NOT NULL COMMENT '用户ID',
  `follow_user_id` int(11) NOT NULL COMMENT '关注用户ID',
  `status` tinyint(1) NOT NULL DEFAULT '0' COMMENT '状态',
  `weigh` int(11) NOT NULL DEFAULT '0' COMMENT '权重',
  `create_time` int(11) DEFAULT NULL COMMENT '创建时间',
  `update_time` int(11) DEFAULT NULL COMMENT '更新时间',
  PRIMARY KEY (`id`) USING BTREE,
  KEY `_user_id` (`user_id`)
) ENGINE=InnoDB AUTO_INCREMENT=20 DEFAULT CHARSET=utf8mb4 COLLATE=utf8mb4_unicode_ci COMMENT='用户关注表';

-- ----------------------------
-- Records of __PREFIX__free_user_follow
-- ----------------------------
BEGIN;
INSERT INTO `__PREFIX__free_user_follow` VALUES (19, 100000, 100001, 0, 0, 1693572576, NULL);
COMMIT;

-- ----------------------------
-- Table structure for __PREFIX__free_user_like_dynamic
-- ----------------------------
DROP TABLE IF EXISTS `__PREFIX__free_user_like_dynamic`;
CREATE TABLE `__PREFIX__free_user_like_dynamic` (
  `id` bigint(20) unsigned NOT NULL AUTO_INCREMENT,
  `user_id` int(11) NOT NULL COMMENT '用户ID',
  `dynamic_id` int(11) NOT NULL COMMENT '动态ID',
  `status` tinyint(1) NOT NULL DEFAULT '0' COMMENT '状态',
  `weigh` int(11) NOT NULL DEFAULT '0' COMMENT '权重',
  `create_time` int(11) DEFAULT NULL COMMENT '创建时间',
  `update_time` int(11) DEFAULT NULL COMMENT '更新时间',
  PRIMARY KEY (`id`) USING BTREE,
  KEY `_user_id` (`user_id`)
) ENGINE=InnoDB AUTO_INCREMENT=15 DEFAULT CHARSET=utf8mb4 COLLATE=utf8mb4_unicode_ci COMMENT='用户喜欢动态表';

-- ----------------------------
-- Records of __PREFIX__free_user_like_dynamic
-- ----------------------------
BEGIN;
INSERT INTO `__PREFIX__free_user_like_dynamic` VALUES (1, 100000, 11, 0, 0, 1693579442, NULL);
INSERT INTO `__PREFIX__free_user_like_dynamic` VALUES (2, 100000, 11, 0, 0, 1693579691, NULL);
INSERT INTO `__PREFIX__free_user_like_dynamic` VALUES (3, 100000, 11, 0, 0, 1693579889, NULL);
INSERT INTO `__PREFIX__free_user_like_dynamic` VALUES (4, 100000, 11, 0, 0, 1693584938, NULL);
INSERT INTO `__PREFIX__free_user_like_dynamic` VALUES (5, 100000, 11, 0, 0, 1693584942, NULL);
INSERT INTO `__PREFIX__free_user_like_dynamic` VALUES (6, 100000, 11, 0, 0, 1693585676, NULL);
INSERT INTO `__PREFIX__free_user_like_dynamic` VALUES (7, 100000, 11, 0, 0, 1693585690, NULL);
INSERT INTO `__PREFIX__free_user_like_dynamic` VALUES (8, 100000, 11, 0, 0, 1693585702, NULL);
INSERT INTO `__PREFIX__free_user_like_dynamic` VALUES (9, 100000, 11, 0, 0, 1693585713, NULL);
INSERT INTO `__PREFIX__free_user_like_dynamic` VALUES (10, 100000, 11, 0, 0, 1693585770, NULL);
INSERT INTO `__PREFIX__free_user_like_dynamic` VALUES (11, 100000, 11, 0, 0, 1693585939, NULL);
INSERT INTO `__PREFIX__free_user_like_dynamic` VALUES (12, 100000, 11, 0, 0, 1693586032, NULL);
INSERT INTO `__PREFIX__free_user_like_dynamic` VALUES (13, 100000, 9, 1, 0, 1693586242, NULL);
INSERT INTO `__PREFIX__free_user_like_dynamic` VALUES (14, 100000, 11, 0, 0, 1693589414, NULL);
COMMIT;

-- ----------------------------
-- Table structure for __PREFIX__page
-- ----------------------------
DROP TABLE IF EXISTS `__PREFIX__page`;
CREATE TABLE `__PREFIX__page` (
  `id` int(11) NOT NULL AUTO_INCREMENT,
  `name` varchar(100) NOT NULL DEFAULT '' COMMENT '名称',
  `app` varchar(100) NOT NULL DEFAULT '' COMMENT 'app',
  `page` longtext COMMENT '数据',
  `weigh` int(11) NOT NULL DEFAULT '100' COMMENT '权重',
  `status` enum('normal','disabled') NOT NULL DEFAULT 'normal' COMMENT '状态',
  `create_time` int(11) DEFAULT NULL COMMENT '创建时间',
  `update_time` int(11) DEFAULT NULL COMMENT '更新时间',
  PRIMARY KEY (`id`)
) ENGINE=InnoDB DEFAULT CHARSET=utf8mb4 COMMENT='表单';

-- ----------------------------
-- Records of __PREFIX__page
-- ----------------------------
BEGIN;
COMMIT;

-- ----------------------------
-- Table structure for __PREFIX__permissions
-- ----------------------------
DROP TABLE IF EXISTS `__PREFIX__permissions`;
CREATE TABLE `__PREFIX__permissions` (
  `id` int(11) NOT NULL AUTO_INCREMENT,
  `parent_id` int(11) NOT NULL DEFAULT '0' COMMENT '上级ID',
  `permission_mark` varchar(191) NOT NULL DEFAULT '' COMMENT '权限标识',
  `permission_name` varchar(255) NOT NULL DEFAULT '' COMMENT '菜单名称',
  `type` tinyint(4) NOT NULL DEFAULT '0' COMMENT '类型:0:目录，菜单，按钮',
  `icon` varchar(255) DEFAULT NULL COMMENT '图标',
  `params` varchar(255) DEFAULT NULL COMMENT '参数',
  `route` varchar(255) NOT NULL DEFAULT '' COMMENT '前端路由',
  `component` varchar(255) DEFAULT NULL COMMENT '组件',
  `redirect` varchar(255) DEFAULT NULL COMMENT '跳转地址',
  `weigh` int(11) NOT NULL DEFAULT '0' COMMENT '权重',
  `status` enum('show','hidden','disabled') NOT NULL DEFAULT 'show' COMMENT '状态',
  `create_time` int(11) DEFAULT NULL COMMENT '创建时间',
  `update_time` int(11) DEFAULT NULL COMMENT '更新时间',
  PRIMARY KEY (`id`),
  UNIQUE KEY `permission_name` (`permission_name`)
) ENGINE=InnoDB AUTO_INCREMENT=740 DEFAULT CHARSET=utf8mb4 COMMENT='菜单权限';

-- ----------------------------
-- Records of __PREFIX__permissions
-- ----------------------------
BEGIN;
INSERT INTO `__PREFIX__permissions` VALUES (676, 681, 'authority', '权限管理', 0, 'SetUp', NULL, 'auth', NULL, NULL, 0, 'show', 1682606200, NULL);
INSERT INTO `__PREFIX__permissions` VALUES (678, 676, '1', '管理员', 1, 'User', NULL, '/admin/auth/user', 'admin/views/auth/user/index', NULL, 0, 'show', 1682606200, NULL);
INSERT INTO `__PREFIX__permissions` VALUES (679, 676, '2', '角色管理', 1, 'Postcard', NULL, '/admin/auth/role', 'admin/views/auth/role/index', NULL, 0, 'show', 1682606200, NULL);
INSERT INTO `__PREFIX__permissions` VALUES (681, 0, '3', '系统', 0, 'Platform', NULL, 'admin', NULL, NULL, 0, 'show', 1682606200, NULL);
INSERT INTO `__PREFIX__permissions` VALUES (685, 681, '234', '菜单管理', 1, 'Operation', NULL, '/admin/auth/menu', 'admin/views/auth/permissions/index', NULL, 0, 'show', 1682606200, NULL);
INSERT INTO `__PREFIX__permissions` VALUES (713, 681, 'stroage', '存储配置', 0, 'FolderOpened', NULL, '/admin/setting/storage', 'admin/views/setting/storage/index', NULL, 0, 'show', 1689951771, 1689951771);
INSERT INTO `__PREFIX__permissions` VALUES (729, 0, 'lnk', 'lnk社区', 0, 'HomeFilled', NULL, '', '', NULL, 0, 'show', 1692443497, 1692443497);
INSERT INTO `__PREFIX__permissions` VALUES (730, 729, 'nr', '内容管理', 0, 'Camera', NULL, '', '', NULL, 90, 'show', 1692459008, 1692459008);
INSERT INTO `__PREFIX__permissions` VALUES (732, 729, 'yh', '用户管理', 1, 'User', NULL, '/lnksns/user/index', 'lnksns/views/user/index', NULL, 10, 'show', 1692459118, 1692459118);
INSERT INTO `__PREFIX__permissions` VALUES (733, 729, 'yy', '运营管理', 0, 'DataAnalysis', NULL, '', '', NULL, 40, 'show', 1692459222, 1692459222);
INSERT INTO `__PREFIX__permissions` VALUES (734, 729, 'qz', '圈子管理', 1, 'Place', NULL, '/lnksns/circle/index', 'lnksns/views/circle/index', NULL, 60, 'show', 1692519537, 1692519537);
INSERT INTO `__PREFIX__permissions` VALUES (735, 729, 'pz', '系统配置', 1, 'Setting', NULL, '/lnksns/setting/index', 'lnksns/views/setting/index', NULL, 1, 'show', 1692773686, 1692773686);
INSERT INTO `__PREFIX__permissions` VALUES (736, 733, 'message', '消息管理', 1, '', NULL, '/lnksns/message/index', 'lnksns/views/message/index', NULL, 0, 'show', 1693479368, 1693479368);
INSERT INTO `__PREFIX__permissions` VALUES (737, 733, 'clause', '条款管理', 1, '', NULL, '/lnksns/clause/index', 'lnksns/views/clause/index', NULL, 0, 'show', 1693479368, 1693479368);
INSERT INTO `__PREFIX__permissions` VALUES (738, 730, 'dt', '动态管理', 1, '', NULL, '/lnksns/dynamic/index', 'lnksns/views/dynamic/index', NULL, 0, 'show', 1693813342, 1693813342);
INSERT INTO `__PREFIX__permissions` VALUES (739, 730, 'pl', '评论管理', 1, '', NULL, '/lnksns/comment/index', 'lnksns/views/comment/index', NULL, 0, 'show', 1693813377, 1693813377);
COMMIT;

SET FOREIGN_KEY_CHECKS = 1;
